UUID,Title,"First Name","Last Name","Street Address",Barangay,Municipality,Province,Country,"Phone Number","Mobile Number","Company Name","Company Website","Job Title","Favorite Color",Birthdate,"Email Address",Password
b3f83fd4-4008-38dc-a4fc-624a3704d766,Dr.,Sedrick,Dare,"97 Blanda Turnpike Apt. 737",haven,"Cotabato City",Arizona,Mauritania,202-606-768,770-807-357,Ruecker-Kuhn,hirthe.com,Anesthesiologist,fuchsia,2013-03-11,rippin.savanna@yahoo.com,yZ*@|=!
5a7002d0-250c-3dca-89b5-c5edbf4eb9c5,Mr.,Madie,Schuster,"16A Schowalter Roads Suite 855",town,"Cotabato City","New Mexico","French Polynesia",763-413-668,943-946-694,Herman-Weissnat,hermiston.com,"Electronic Engineering Technician",black,2017-06-10,beier.eveline@schuppe.com,KpR0mi}eNCHC46$8
a6cd2749-81d7-3f13-bbd6-7303b02f66f6,Prof.,Emmie,Sipes,"95/16 Lakin Way Suite 537",haven,Talisay,Alaska,"United Kingdom",285-089-476,057-270-326,Friesen-O'Hara,macejkovic.org,"Molding Machine Operator",yellow,1982-08-05,ramiro.lynch@hotmail.com,V/b)W4
b6df5e4b-aa3d-35cc-b7ba-dfac714b1990,Prof.,Erling,Hermiston,"57A Bartell Ports",port,Bacolod,Florida,Zimbabwe,080-117-539,139-573-499,"Gottlieb, Beahan and Olson",kautzer.com,Forester,lime,1976-05-16,missouri.morar@gmail.com,"+t5v@eRe0H\N"
bc05248d-df06-3c63-b922-a3818ec2d697,Miss,Lisandro,Wehner,"29/40 Steuber Pine Apt. 478",town,Talisay,"New York",Canada,638-952-959,666-585-101,Leannon-Emard,zulauf.info,"Sound Engineering Technician",silver,1978-12-02,eschaefer@ziemann.biz,DC#ag2Y0jN1x4Ztv0A^5
af41d6e3-d084-3f62-ab3c-1b00a09deb3a,Mr.,Lazaro,McGlynn,"33A/12 Towne Villages",land,Santiago,Illinois,"Saint Helena",883-422-936,535-381-612,Franecki-Lindgren,gerhold.com,"Aircraft Engine Specialist",lime,1994-02-24,ashley84@gmail.com,[W>$GB&oN9@_-yH
e5fce4e4-121e-399f-ba27-4a8ff150045f,Miss,Victor,Fritsch,"09A/45 Boyle Causeway",borough,Balanga,Illinois,"Dominican Republic",021-880-972,838-365-573,"Klocko and Sons",bradtke.info,Potter,gray,2003-05-25,roderick80@hotmail.com,"JPqtEg`$2\#!I\"
7183eb01-f714-383e-a2a7-308fc55199c7,Dr.,Jeremie,Veum,"78/66 Hansen Rapid",stad,Calapan,Arizona,Kenya,489-539-547,378-388-419,West-Rodriguez,nienow.com,"Logging Equipment Operator",green,1991-06-24,mckenzie.mohr@lueilwitz.net,9tf?vBh0wx4Fq
2ebc2f60-a4a3-3f22-9f71-a45449ad3e32,Prof.,Malvina,Davis,"44A/24 Dooley Track Apt. 216",stad,Manila,"South Dakota",Afghanistan,460-105-069,410-486-005,"Gottlieb, Cole and Marks",schoen.com,"Recordkeeping Clerk",silver,2014-06-09,darryl83@gmail.com,"Q[tzN,ARH0"
b42f364e-758c-32bb-847b-dc11d22ef2f1,Mrs.,Tremayne,Haag,"27A Jacobs Mews",fort,"Iloilo City",Colorado,"Papua New Guinea",332-277-768,470-927-465,"Nitzsche Ltd",towne.biz,"Plumber OR Pipefitter OR Steamfitter",navy,2008-02-29,jordan99@friesen.com,5Hj0q|_I9M
db77761b-07e1-3877-bc09-fc09b7401b54,Dr.,Evan,Pagac,"66A Hermiston River",ville,Dagupan,"New Mexico","Trinidad and Tobago",373-991-577,458-548-328,Smitham-Macejkovic,fay.biz,"Sales and Related Workers",teal,1971-02-08,ibradtke@hotmail.com,z>O0[%.+=^}2/u9q'
1d74a552-edf6-348f-bfac-a3af5f743653,Ms.,Bryce,White,"08A Jast Brooks",land,Sagay,Connecticut,Estonia,306-623-777,248-100-495,McKenzie-Hansen,bayer.com,Boilermaker,aqua,1970-07-21,sporer.orie@reilly.com,{KlH/kV]{V};
a1566b5a-b682-3d02-a6c4-f23dcf198c40,Ms.,Nyasia,Emmerich,"26A/89 Cole Island",chester,Sagay,"North Dakota",Georgia,849-282-946,755-981-461,"Kunde, Waters and Schimmel",boehm.com,"Clinical School Psychologist",blue,1991-09-08,marquise61@hotmail.com,E3WGxw#
1631c5ec-2e87-3702-96a3-b10e44081dec,Mr.,Leann,Kassulke,"43 Kuvalis Lakes",haven,Laoag,"West Virginia",Tokelau,051-561-921,611-215-900,"Ward, Breitenberg and Langosh",lind.com,"Forest Fire Inspector",yellow,2014-06-24,thurman11@beer.org,"""Y[:]y/E|"
d34f1923-e549-3cd8-a03f-c717c01c9e9b,Miss,Lee,Kilback,"27A/29 Cummerata Lane",mouth,Guihulngan,Georgia,Mayotte,451-962-377,208-876-200,Bradtke-Green,kris.com,"Camera Operator",blue,2022-02-13,estelle48@yahoo.com,QMhX?%LWqyFP
71c75bc5-7dbc-3ebd-b018-e322fee100fa,Dr.,Vernon,Flatley,"29A/99 Aufderhar Stravenue",town,Escalante,"North Dakota",Malta,720-680-637,144-523-439,"Wolff Ltd",wintheiser.com,Logistician,blue,1991-08-24,herman.harber@gutmann.com,r9+82P
8cf48019-b48b-3b4e-ac32-209e1cf979c9,Dr.,Jake,Hintz,"27A Nader Inlet Suite 234",port,Pagadian,"South Carolina",Lithuania,685-977-207,453-877-046,"Schneider PLC",corwin.com,Optometrist,blue,1977-12-26,mosciski.dagmar@vonrueden.org,.tC`+R8F
4a249ee9-0883-3089-be3b-c667238a6d9a,Ms.,Glen,Kulas,"93A Swaniawski Roads",side,Baybay,"North Dakota",Lithuania,812-661-996,855-101-626,Jerde-Kerluke,klocko.com,"Recyclable Material Collector",teal,1992-06-25,abdul92@yahoo.com,U:c@Papd-y
f14b56ae-3f2e-3007-9725-685758292cda,Miss,Kaycee,Baumbach,"95A Windler Islands Suite 065",furt,Tayabas,"New Mexico","American Samoa",996-861-916,945-166-772,"Cronin and Sons",okeefe.biz,"Materials Inspector",teal,2022-08-15,sheldon.harber@yahoo.com,y1~Cn>b6q
4319daf4-fa8f-3871-9117-c2cbdd6d685d,Prof.,Cortney,Jaskolski,"40A/27 Hettinger Landing",ton,Cadiz,Connecticut,"Cocos (Keeling) Islands",668-978-154,003-744-573,Bahringer-Wiza,stokes.com,"Textile Machine Operator",white,2005-09-07,abbie84@legros.com,"fAA-?59r_!,7'i"
a9520b86-e35d-3a55-96b6-cf407bed2426,Prof.,Earnestine,Paucek,"22A/62 Hermann Streets",ton,Dagupan,Georgia,Guatemala,512-662-028,782-344-239,"Lueilwitz Ltd",klein.com,"Forging Machine Setter",yellow,1971-04-12,adah.jast@anderson.com,-q?o{;8Dg7IS7yVP
419017f2-7e05-3a16-a28c-85406ee910c6,Ms.,Louvenia,Carter,"82/76 DuBuque Street Suite 785",town,Cauayan,Illinois,"Pitcairn Islands",305-723-115,263-344-708,Ryan-Abbott,gerhold.info,"Database Manager",gray,1984-11-15,jayden25@gmail.com,g(jh9OYs
e826eb61-dbcd-334b-bb03-8bdb6979b070,Mr.,Brooklyn,Welch,"57/45 Flatley Roads Suite 899",port,Baybay,"West Virginia","Cook Islands",638-412-544,743-006-916,"Terry Group",conn.com,"Radio Mechanic",blue,1991-12-24,witting.danielle@quitzon.info,_O'fZ4N
3b9580d2-b6b5-3f06-93dc-8c7b2cb0ed7f,Ms.,Darrin,Bosco,"76/70 Bartell Manors",port,Iriga,"South Carolina",Belarus,869-875-789,407-032-865,"Renner LLC",schoen.com,"Photographic Process Worker",aqua,2023-05-13,irwin22@mclaughlin.com,")kp,pY;n:"
c2d5ab6a-750d-35d3-b6cf-091a8861913a,Mr.,Adela,Koepp,"27 Blick Vista",port,Catbalogan,"New Jersey","Czech Republic",768-650-584,737-016-117,"Lindgren Group",vandervort.com,"Production Laborer",silver,2007-05-22,bashirian.lucile@yahoo.com,1Eo=hvr1$&}+f
be04c324-c902-3072-8681-4729a36ccbd9,Mrs.,Oscar,Schneider,"90A/55 Hickle Lodge Suite 521",mouth,Silay,California,Gabon,431-654-911,989-750-857,"Kerluke, Ferry and Gibson",mitchell.com,"Crane and Tower Operator",teal,1992-03-24,chaim25@frami.biz,:nsvg%mB8@|QjAP
99c1d71b-f761-3950-a3db-24e7655bacaf,Mrs.,Raven,Block,"67A Emard Branch",chester,Pagadian,"South Carolina",Micronesia,543-025-677,268-473-318,"Krajcik, Wyman and Koch",hermiston.com,"Fire Inspector",olive,1993-07-01,marks.krista@vonrueden.org,"?Q""nmMocJPE*a,4"
c399573b-dd3e-355a-b77f-3fb9058504b9,Dr.,Cali,Herzog,"33 Sauer Streets Suite 093",bury,Catbalogan,"North Carolina","United States Minor Outlying Islands",169-512-135,101-730-269,"Mueller, Mosciski and Legros",batz.com,"Retail Sales person",olive,2019-01-28,jarrett.ebert@gmail.com,%A+O'o`8nz.M*-]t`
4a73dbdf-7750-3369-91dc-9cbbb29296a4,Prof.,Terence,McClure,"62/43 Feeney Center",land,Dapitan,"New Jersey",Mauritania,617-413-852,151-056-517,"Breitenberg PLC",feil.com,"Maintenance Equipment Operator",fuchsia,2014-12-31,kihn.emmie@kovacek.com,u56[]pP8.i
e8adc6a7-7ba9-38fb-8615-37b7991b7dec,Prof.,Asa,Kihn,"53A Olson Place Suite 616",mouth,Pasay,Wisconsin,Senegal,633-552-878,694-660-433,"Rogahn, Schoen and Becker",prosacco.com,"Municipal Court Clerk",purple,1994-04-10,ebrown@heathcote.com,R%sC_X;4F4~
e83a9e72-13b0-32fb-9d50-733b7be7cb1f,Prof.,Vesta,Adams,"36A Hoeger Springs",stad,Kabankalan,Colorado,"Central African Republic",753-488-959,233-607-433,"Hayes and Sons",zulauf.com,"Communication Equipment Worker",blue,1998-01-01,moore.oma@hotmail.com,"cSXy~.!;,CV=}Z&/"
845dc9ad-4f3d-3555-8fbb-f98c01a02249,Ms.,Ernesto,Lebsack,"26A/81 Nicolas Courts",shire,Vigan,"District of Columbia",Kenya,683-891-904,736-926-336,"Rohan Ltd",christiansen.net,"Power Distributors OR Dispatcher",green,1981-11-14,frussel@yahoo.com,dFQBCT4IM8xp
3445d203-fbf8-30b7-8cc3-2b72094deafb,Prof.,Reba,Schimmel,"37 Wuckert Courts",port,"San Jose del Monte","Rhode Island",Kazakhstan,581-034-899,083-390-674,Maggio-Hettinger,feest.info,Photoengraver,silver,2018-06-20,breichert@shanahan.org,W2i+as634W5N}
55f18b11-f70b-3378-92b9-8a3291a94cdb,Miss,Angelita,Schumm,"79A Bogan Track Apt. 083",side,Talisay,Montana,Switzerland,844-557-597,241-265-108,"Larkin, Rosenbaum and Gottlieb",waters.net,"Freight Inspector",maroon,1994-08-07,tristin85@gmail.com,"tJ;[O\2R.R,~'f7?"
c06e191b-ab81-35d6-9a18-b60dc14da69d,Prof.,Ila,Sawayn,"10 Friesen Mills",ton,"Puerto Princesa","North Carolina","Saudi Arabia",380-450-772,278-156-232,"Stiedemann Group",schulist.com,"Agricultural Worker",black,2019-12-23,zkrajcik@konopelski.com,a(6_K;;$.a~]qn
9ae0462b-14f7-36bf-9def-04dfb5f78c4a,Miss,Henriette,Robel,"35 Luettgen Junction Apt. 410",shire,Pasay,Maine,Eritrea,418-655-086,199-093-742,"Lang, Wyman and Grady",moen.com,"Avionics Technician",navy,2004-12-23,nbuckridge@leannon.com,m3^>J3't1.r~v8q_
d29a7c25-1fe1-3380-84b7-1db7a51013e0,Miss,Edmund,Schamberger,"11A McKenzie Manor Suite 006",port,"Iloilo City",Mississippi,"French Southern Territories",996-575-970,485-023-356,"Bernhard Ltd",kessler.biz,"Psychology Teacher",lime,1998-07-09,xcole@hotmail.com,oP[Tr6&[V
8181bcf5-e7f8-3080-8697-fe4a52a0f10c,Mr.,Lucienne,Roob,"46A/65 Toy Mountains Suite 673",view,Koronadal,"New Jersey",Macao,120-959-475,863-302-626,"Denesik PLC",johnston.org,"Probation Officers and Correctional Treatment Specialist",blue,2007-06-22,dbartoletti@stark.org,IKD`~0<`4lIO6#n+sp'
aeee064a-6101-3482-b93f-87c5a9866a0c,Dr.,Alberto,Kertzmann,"52 Boyle Parkways",view,Ormoc,Maine,"Saint Lucia",590-818-380,865-144-922,"Bogisich Inc",kuhn.com,"Head Nurse",black,1984-03-29,bruen.brennan@hotmail.com,POQ{BH>QEG
527a0ae4-9d9a-3c4f-8e20-07fb289985f4,Ms.,Coleman,Nolan,"16 Sporer Run",mouth,Taguig,"District of Columbia",Slovenia,808-928-379,164-983-352,"Toy Inc",kuvalis.com,"Speech-Language Pathologist",blue,1972-03-15,cmorar@gmail.com,"9/s7\[7:!DBTDw"
2c2db0cb-b062-33e8-9618-97db4e0deece,Ms.,Toy,Sanford,"22 McKenzie Lakes",chester,Candon,Iowa,Madagascar,392-473-257,863-488-715,"Ritchie PLC",gutmann.org,"Floral Designer",green,1972-01-16,ernestina39@corkery.com,X6VTy%>Bt|&=_/A-
aba83d92-fca7-312f-ab69-4062e484b420,Prof.,Rashawn,Doyle,"05A Hermiston Spring",bury,Lucena,Iowa,Slovenia,462-974-761,511-978-786,"Wilkinson, Schmeler and Kirlin",hamill.com,"Aerospace Engineer",silver,2006-08-26,aurelia26@yahoo.com,"bv):),wH7"
86526364-5675-3121-95ba-146b4366e21d,Prof.,Wayne,Schaden,"59A/67 Turner Shores",burgh,Lipa,Mississippi,Comoros,612-127-936,355-376-237,"Pfeffer, Kovacek and Borer",kirlin.com,"Photographic Developer",blue,2016-09-14,tkoelpin@gislason.org,"}OP[E""L\@Q\GVo"
b4cef1a5-a374-309b-ab0a-bb234e12d7d7,Dr.,Augusta,Nolan,"36A Gutkowski Squares Apt. 820",chester,"San Pedro",Kansas,Anguilla,700-607-556,713-792-016,Reinger-Reichel,kris.com,"Aircraft Launch and Recovery Officer",lime,1977-11-23,wilbert.murphy@balistreri.com,iLTOBK*oz_:TXLtuj2^=
0df9d8b3-3268-3dfd-a7de-dd15956a9a08,Dr.,Merlin,McKenzie,"05A Carter Parkway",furt,Laoag,Florida,Cambodia,138-147-231,571-181-696,Rogahn-Morar,lemke.com,"Web Developer",black,1989-09-04,schmidt.madaline@hotmail.com,d(J6%;V7
b9e359d1-f783-37db-90d3-203e36ac0911,Mr.,Erna,Reilly,"50/61 Aufderhar Lock Suite 721",ton,Bais,Nevada,Somalia,460-196-324,620-385-115,Nitzsche-Mosciski,sauer.com,"Electronic Engineering Technician",lime,1977-12-18,kavon06@yahoo.com,%/(}u}X
c7cf9873-4d57-3443-86d9-815d5bdb76f4,Ms.,America,Becker,"58 Schuster Vista",ville,Tagbilaran,Connecticut,"Sierra Leone",596-793-626,462-659-526,"Feeney, Rosenbaum and Little",anderson.com,"Education Teacher",fuchsia,1997-02-19,zkutch@wilkinson.com,#o8FO9v<)_1w
16aafc72-8791-349d-90e9-fa1e78be68c4,Dr.,Kelvin,McGlynn,"43 Schaefer Vista",shire,"San Carlos",California,"Sao Tome and Principe",020-636-232,599-625-982,"Johnston Group",crist.com,"Copy Machine Operator",aqua,1975-04-16,grace.considine@stamm.com,"dA[+j1iAzC""%%"
792c313e-05bc-3f10-98d5-b5e9d49d8413,Miss,Efrain,Beatty,"78A/60 Reichel Tunnel Apt. 969",side,Naga,Connecticut,Oman,046-701-715,663-403-218,"Bradtke, Labadie and Cartwright",hudson.com,"Waste Treatment Plant Operator",blue,2015-03-13,vokeefe@borer.biz,GBiL'l<W'
1340fd83-4927-3c80-b538-7bea25fdaf64,Ms.,Antonetta,Schulist,"94A McCullough Via Suite 504",mouth,Calbayog,Iowa,"Saint Martin",660-664-817,455-037-963,"Hodkiewicz and Sons",muller.biz,"PR Manager",maroon,2006-03-20,erobel@nicolas.com,@hBe+A#q
a069ed3f-5a22-3928-9ecf-15631edee057,Dr.,Brandi,Prosacco,"43 Schulist Forge Apt. 269",borough,"Puerto Princesa",Georgia,Macao,725-861-345,057-710-393,"Raynor Ltd",hickle.com,"Plating Operator OR Coating Machine Operator",teal,2017-10-12,igrady@yahoo.com,"u[9Ps"""
3952cd0e-32fb-3a8a-831f-cb12c1b6abc4,Dr.,Damaris,Kohler,"89 Ondricka Rapid Suite 987",haven,Tanauan,Michigan,Mauritius,662-063-295,798-480-214,Torphy-Kunze,renner.org,"Order Clerk",gray,2024-01-27,nboyer@lynch.com,a?]_09j)fb}'k@ECXlb
d4ba91fd-a3ea-37e5-b7f1-a485c81a4b88,Miss,Clementine,Roberts,"47A/30 Daniel Manors Suite 762",port,Naga,Mississippi,"British Virgin Islands",972-032-093,126-458-037,"Feil Inc",adams.com,"Mold Maker",aqua,1986-11-08,vbarton@gislason.com,"HNrPoC5*224$W.<,"
5fa230b4-1fa0-3976-aa5b-f1d41214744f,Prof.,Deja,Mitchell,"24A Wisozk Pass",furt,"San Juan",Illinois,"United Arab Emirates",484-557-684,742-808-544,"Murazik, Wolff and Lesch",treutel.com,Actor,white,1973-03-26,antonetta.vandervort@shanahan.org,cxceMBXB
0619dbd8-b3a2-3843-872f-3f20cf4c223a,Mr.,Marley,Spencer,"14/40 Beier Forest Apt. 410",mouth,Santiago,Oklahoma,"United States of America",509-757-992,747-550-605,"Vandervort PLC",okeefe.biz,"Elevator Installer and Repairer",navy,2007-07-17,darmstrong@hotmail.com,P&=('c}3*+4
6f82c329-bb94-3ab2-a518-a2ed68517659,Mr.,Joesph,Fay,"84 Terry View",view,Carcar,Pennsylvania,France,159-473-181,698-327-537,Gerhold-Heidenreich,bruen.com,Forester,black,1976-01-15,wrippin@doyle.com,"|2QK1w$""*CiF-"
6b7eb4e7-de81-3b66-9774-9eb708efd183,Prof.,Bethel,Hane,"15/26 Will Crossroad Suite 879",shire,"Santa Rosa",California,"Papua New Guinea",804-384-630,041-563-458,Hessel-Treutel,kling.com,"Mine Cutting Machine Operator",lime,2021-03-02,lmarquardt@yahoo.com,p]&)Ut|Px!b
1a616445-6e94-3eac-b25a-6b6ef64b7817,Prof.,Nelda,Sipes,"11A/24 Gerhold Place Suite 982",mouth,"Iloilo City",Kentucky,"Saint Helena",698-633-562,549-342-438,Bailey-Feest,gislason.com,"Engineering Teacher",purple,1995-10-06,hahn.alf@hansen.biz,:?{XkJ$Sz]K
cb70775d-0e95-36a4-b9d4-7ede6879287f,Ms.,Kristina,Orn,"98A Towne Station",view,"San Pablo","District of Columbia",Romania,072-606-396,900-074-227,"Schaden Inc",hauck.info,"Mathematical Technician",maroon,1970-01-14,arnaldo.wilderman@tromp.com,h0&oRrC(*&
0d96b91f-fdda-3167-96ef-f7526e61b5d9,Prof.,Alford,Jenkins,"47/89 Friesen Canyon Apt. 877",port,Isabela,Connecticut,Germany,571-690-030,332-154-158,"Heaney, Hayes and Torphy",waters.net,"Claims Examiner",green,1982-10-10,daugherty.jayson@yahoo.com,"h'%UKU8Ph8@d%duKZ."""
458c29f8-43b7-3136-8320-331c60808b81,Dr.,Petra,Gerlach,"11 Yost Heights",fort,Olongapo,Ohio,"Heard Island and McDonald Islands",903-857-481,624-024-635,Bode-Anderson,satterfield.com,"Postsecondary Education Administrators",lime,2018-09-13,scruickshank@hotmail.com,9.52.&
0964e1b2-cac8-33ab-b7af-20ccbc676bea,Prof.,Percival,Leannon,"10/25 Grady Plain Suite 317",berg,Canlaon,"New Hampshire",Gibraltar,978-843-581,118-444-692,Schulist-Langosh,littel.com,"Account Manager",white,2022-06-17,hegmann.dennis@feeney.com,hztuOQ
03f62534-6159-3046-b25e-fd6ab6c1c841,Prof.,Dario,Macejkovic,"66A/45 Luettgen Track",port,Taguig,Colorado,"United States Minor Outlying Islands",114-135-768,151-013-284,"Friesen, Pagac and Koelpin",heaney.info,"Kindergarten Teacher",lime,1994-12-09,fernando35@sporer.org,`d0;df{kh
416e939d-3824-3e56-a65f-92953b589e44,Dr.,Ruth,Gaylord,"34A Becker Port",view,Parañaque,Minnesota,Seychelles,219-239-208,143-860-469,Goodwin-Beatty,stokes.org,"Homeland Security",lime,1978-04-19,conrad.brakus@schmidt.com,4lbxY_Kpc;
71a5a2b8-d938-3368-9995-268f6e400f52,Prof.,Michael,Casper,"64 Corkery Forge",ton,Roxas,Tennessee,India,233-950-709,159-356-462,Wuckert-Yost,ebert.net,"Medical Technician",navy,2013-08-23,ghermann@yahoo.com,j'>5N0U4pwU+(e!A;
95e275e4-b3c8-3cbe-ba7a-847609cae17a,Mr.,Roy,Batz,"33A Heathcote Trace",furt,Bislig,Louisiana,Mali,150-565-515,243-988-660,"Conn, Kuphal and Okuneva",aufderhar.biz,"Press Machine Setter, Operator",olive,2007-06-01,emely26@gutkowski.info,$BqhZ+`2rLQa_%rsmtLv
708a13b2-09af-3274-b486-f21f6cd340e0,Miss,Ova,Ondricka,"92/38 Cummings Track Suite 431",ton,Parañaque,Oklahoma,"Antigua and Barbuda",778-541-936,045-251-594,"Denesik Inc",schultz.net,"Sales Manager",aqua,2018-11-25,dedrick.schaden@gmail.com,"CzO@X,G&"
ee76ab1b-700f-3265-96e2-988dceefb341,Dr.,Deonte,Friesen,"51A/80 Wuckert Divide",shire,Tagaytay,California,Seychelles,515-927-561,310-049-529,"Lubowitz, Feest and Bahringer",hudson.com,Housekeeper,white,1992-04-24,shea.lesch@gmail.com,T/B1.o$qf
7cb69055-cb98-3e0f-bc42-0b2b098ff7fd,Prof.,Angie,Zboncak,"58A Feil Harbors Suite 308",view,Malaybalay,Virginia,Canada,280-744-486,701-461-234,"Herman Ltd",kuhlman.info,"Painter and Illustrator",teal,2017-09-05,pouros.bailey@yahoo.com,X}s+reL^AEKavk}+eS
1f8a1993-f114-360c-a8ab-c188ded077a6,Dr.,Cory,Herman,"74/60 Kris Forks",burgh,Carcar,Nevada,Iceland,123-273-217,993-139-494,"Graham PLC",wolff.biz,Janitor,blue,1970-11-01,michelle.crona@weimann.com,rXJ9'TO^q#I#6N{wM<
22e98b92-d82f-362e-a670-2f2c33a0e2a6,Prof.,Jakob,Rodriguez,"11 Feil Camp",burgh,Tabaco,"South Carolina",Slovenia,336-940-712,114-592-942,"Denesik, Von and Cummerata",miller.net,Taper,white,2007-01-11,collins.maude@dickinson.biz,".6\&}1E.pj=sMV"
42be07a0-a46d-34ce-a4fa-ff1a2bd0f09d,Dr.,Estella,Kilback,"88A Hilpert Walk Apt. 356",burgh,Caloocan,Vermont,"British Indian Ocean Territory (Chagos Archipelago)",035-471-611,005-494-462,"Paucek PLC",hansen.com,Manicurists,lime,1978-11-16,leuschke.lucas@yahoo.com,P7A(yNMP
3e27d04b-67e0-30dd-a4b7-e4e92d09dff8,Dr.,Lilla,Mante,"17A Dickinson Fork",burgh,Urdaneta,Alabama,Gabon,474-699-174,408-156-506,"Stroman, Wintheiser and Doyle",koss.biz,"Loan Officer",fuchsia,2007-09-26,ufritsch@yahoo.com,)^g;PHZ!.j.u
75346df7-41ee-3e6e-bc0f-7679bec61dfb,Dr.,Scot,Okuneva,"82A/19 Larkin Branch Apt. 715",shire,"La Carlota","Rhode Island","Sao Tome and Principe",120-280-808,853-449-780,"Bartoletti, Wiza and Dickinson",frami.com,Interviewer,navy,1995-12-18,wyman.murray@hotmail.com,"MOs,f/*5|d!]TP'R|=2"
0f6ccfb9-8991-346c-9588-842abd9775d6,Prof.,Nicklaus,Abshire,"92A VonRueden Islands",berg,"Iloilo City","South Dakota",Romania,007-675-453,849-490-231,Pollich-Ullrich,turner.biz,Electrician,white,1996-10-29,arenner@yahoo.com,$sm1[ts+#ERSE4
3dec41f6-6c83-3efc-bd5c-f1705d0d0f7a,Prof.,Lucy,Wiza,"31A Bogisich Forest",borough,Tagum,Alaska,Jamaica,049-915-079,945-212-098,"Little, Grady and Kuhic",kuhn.com,Physicist,teal,1997-10-13,wrath@ritchie.com,"R`T-pfmg}Trj\)'wyo"
8e007460-0afe-365f-9c20-ed9fe27ee627,Dr.,Dakota,Gleason,"40A Bogisich Junction Suite 382",haven,"Surigao City",Tennessee,"Sri Lanka",066-587-163,694-244-823,"Ondricka Ltd",smith.org,Brazer,olive,1992-01-23,dreynolds@kutch.com,":7UGf,;|(8"
70c4a1f7-a478-3083-9d2d-eb78f156910a,Prof.,Isom,Kuhic,"04A/73 Morissette Canyon",shire,Kabankalan,"New Hampshire",Tunisia,191-210-164,436-741-183,White-Grant,blanda.com,"Materials Engineer",olive,2020-07-03,goldner.ismael@lebsack.com,t*6hpd1
c2ac9902-6a87-305d-9b52-b967f30c9991,Dr.,Jordane,Cremin,"54A/06 Keebler Rapids Suite 731",bury,Tanauan,Nebraska,"South Georgia and the South Sandwich Islands",280-632-735,132-409-768,"Torp Group",swaniawski.net,Cartoonist,black,1984-01-09,boehm.jordy@yahoo.com,budHKs
628fcad1-b0a3-3062-bdc3-1c7db7858dc6,Prof.,Phyllis,Kertzmann,"22A Schowalter Overpass Apt. 858",furt,Cabuyao,Kentucky,Lesotho,280-992-178,733-141-398,Homenick-Corkery,heaney.net,"Database Administrator",green,1986-08-29,buford.bahringer@schamberger.com,.CDRNS]cirIa:*]I
ea88846b-c9ce-34e7-b77b-4a0660015996,Prof.,Bennett,Roob,"41 Feeney Junctions",burgh,Palayan,Montana,Cameroon,935-267-032,023-904-039,"Windler, Murray and Bayer",tromp.com,Choreographer,green,1972-11-27,carroll.ebba@hoeger.com,S8J']NSmd5w[9sUhURq
b6ad3220-3d4d-3c54-87f0-f6ca95c23b56,Ms.,Everett,Stoltenberg,"39/49 Bartoletti Ways",shire,Calapan,Texas,"Western Sahara",313-694-971,435-543-291,"Pollich Ltd",sauer.com,"Chemistry Teacher",purple,2018-03-13,quinten.bartell@yahoo.com,|W3$3qHsRSaLv
1570fb47-83d3-3a84-938d-a43e1ebcfab9,Prof.,Marjolaine,Schmidt,"98 Yundt Cliff",furt,Angeles,Minnesota,Switzerland,514-703-913,271-987-900,"Johnston Inc",lubowitz.com,"Maintenance Equipment Operator",purple,2019-01-14,wyost@hackett.org,)z-c?#7]M]hD
2f86cf54-ece3-3672-8490-bc6c7893a0e3,Mrs.,Wilhelmine,Stoltenberg,"97 Paucek Key Apt. 190",borough,Escalante,Michigan,Lebanon,219-288-553,499-781-220,"Labadie Ltd",dubuque.com,"Precision Instrument Repairer",navy,1978-07-17,tyrese.monahan@borer.com,u6)9cm.XiQF1M]21WBM8
95d8f9be-5677-34af-bba1-bba2996986ba,Dr.,Braulio,Robel,"95A/18 Macejkovic Flat",town,Legazpi,Kansas,Serbia,391-815-658,724-490-249,"Cassin and Sons",dare.net,"Recyclable Material Collector",olive,2013-05-10,sabernathy@weissnat.com,"HHP,v0!st<H>M{-xu?"
bffdac7b-1d66-3b94-86a2-695a368c4ba4,Dr.,Reuben,Gleichner,"41/61 Brekke Plaza Apt. 071",town,Digos,Maryland,"El Salvador",291-457-344,151-454-940,"Maggio, Skiles and Kiehn",runolfsdottir.org,"Organizational Development Manager",olive,1991-06-05,rylee.yundt@hotmail.com,".3SPUpRB7n5OV"""
8bc3210e-3f81-3d23-a071-e4c49fdefcc3,Ms.,Mazie,Beier,"67A/36 Moen Flat Apt. 585",mouth,Tagum,Virginia,France,052-217-748,281-343-510,Kemmer-Veum,hayes.org,"User Experience Researcher",navy,1972-03-29,ima.powlowski@yahoo.com,"g!k9zsg%""xSqdAK"
27d71f82-d23a-32e2-a92a-5ffdea5daab7,Prof.,Justina,Crona,"65A/13 Graham Landing Apt. 559",furt,Panabo,Idaho,"Trinidad and Tobago",237-007-792,492-789-110,"Conroy, Shanahan and Rath",ernser.com,Pipelayer,purple,1995-01-19,henry68@smitham.org,">`]My""@g,&tk"
3076dad1-ec20-3148-acba-b83b3af43752,Dr.,Rosendo,Zboncak,"82A/44 Leffler Squares",chester,Marawi,"New Hampshire",Mauritania,814-112-340,504-849-352,Rau-Ebert,bode.com,Bartender,blue,1996-05-17,keebler.maritza@beer.com,",wj""&G$H"
856f2d80-f3d8-36e5-ac40-896813521792,Ms.,Jeffery,Harvey,"88A Ledner Coves",mouth,Vigan,Mississippi,"Burkina Faso",671-976-070,218-154-789,"Pfannerstill, Bode and McClure",maggio.com,Painter,yellow,2013-07-08,nmedhurst@reilly.com,"7J:>/I8Ov@~%B%-+,8"
96688c06-dba8-34a7-9ad3-6aaa785bf061,Dr.,Dovie,Turcotte,"93 Schmidt Shoals Suite 067",bury,"Quezon City",Washington,Palau,470-611-002,124-387-178,"Hilpert Group",emmerich.biz,"Real Estate Appraiser",lime,2000-02-10,xgislason@dietrich.com,0v]]YsxA!F0eDG[U7
a9b26406-75db-3f2c-ab18-20fac873cd92,Dr.,Alverta,Hauck,"25A/38 Blick Garden",burgh,"San Carlos",Idaho,Luxembourg,640-130-560,723-621-545,"Johnson, Beatty and Mueller",lind.com,"Algorithm Developer",aqua,2023-05-07,rmorar@goodwin.com,]7}u=cyM{wvjza
f1497514-0e46-36c9-aaf7-eb6dc10cecc5,Ms.,Alessia,Johns,"15A/65 McLaughlin Harbor",mouth,Pasay,Indiana,Peru,998-489-774,056-180-456,"Feest, O'Hara and Blanda",bruen.com,"Engineering Teacher",fuchsia,1994-12-09,strosin.melyna@kuphal.com,VwUh}U.|`+2j<'
8fb099b1-420d-3781-9d6d-c17b0843c464,Prof.,Bell,Hane,"93 Hilpert Gateway Apt. 054",port,Balanga,Hawaii,Belgium,859-411-160,634-710-233,"Considine, Rau and Cummerata",hand.com,"Letterpress Setters Operator",teal,2005-10-24,oherzog@kassulke.com,8AJbDj?IN
e30d3c8a-4a1a-36de-a119-c0cca734b0a1,Mrs.,Hailie,Homenick,"86 Lynch Brooks Apt. 787",chester,"General Santos",Alabama,Bulgaria,908-972-751,038-313-504,"Willms Inc",welch.info,"Stringed Instrument Repairer and Tuner",white,1980-07-26,ibecker@abbott.info,"bq$:,iBPC730[~BQ"
30da7659-d8b6-3d89-a10c-88f21016a5fa,Mr.,Eliane,Beahan,"41 Fadel Cape",mouth,Isabela,"West Virginia",Namibia,875-966-822,328-292-654,"Marquardt, Streich and Kreiger",goodwin.biz,"Precision Printing Worker",green,2022-11-09,deron.ledner@feil.com,"yxH8N]gq\(\SV;"
13e57008-a085-3249-9b6a-3a3a3b2df422,Dr.,Nya,Hermiston,"96 Swift Ridge Apt. 517",furt,"San Pedro",California,"Bouvet Island (Bouvetoya)",138-914-791,190-043-649,"Mann LLC",oconnell.com,Buyer,fuchsia,2001-09-28,dooley.eleanore@dibbert.com,"ge;,c^!&u?"
ae881b4c-cd06-3dc2-b8ab-29845af5b34a,Miss,Mohamed,Bayer,"02A/92 Stamm Loop",ton,Muntinlupa,"New Mexico",Philippines,605-036-266,667-161-898,"Brekke Ltd",lockman.com,Landscaper,navy,1992-11-20,senger.josefina@yahoo.com,`SlxOD2
b319d720-8280-3c40-8e51-79eb0b5bf727,Dr.,Tina,Bahringer,"49A Zulauf Light Apt. 478",mouth,Tandag,"New York",Israel,372-594-445,596-539-677,Mann-Tremblay,fahey.com,"Title Searcher",silver,2007-08-30,lester98@gmail.com,"c\+s^l_O=K"
71edb0b3-c603-3671-94e4-a4891b615142,Dr.,Jamal,Walker,"15A/09 Bartoletti Overpass",burgh,Dagupan,Wyoming,Jordan,015-401-344,431-883-904,"Hill, Adams and Herman",ferry.biz,"Coil Winders",fuchsia,2023-09-14,hgrant@mante.com,(rfX}`g/2^CT^
4afd57a0-2391-3077-932c-63922275d315,Prof.,Cathy,Renner,"78A/83 Jaskolski Plaza",mouth,Baguio,Louisiana,Serbia,706-929-341,918-455-217,"Dickens and Sons",mclaughlin.com,"Nuclear Engineer",black,1991-01-23,giovanny52@yahoo.com,"ul}v3pU](,up[2(;>/\"
64180495-0af5-34e8-b868-6dbb7df9372b,Miss,Thad,Kunde,"77/98 Beier Way Suite 404",mouth,Tangub,Kansas,Poland,082-147-857,752-768-705,"Rempel LLC",franecki.com,"Transit Police OR Railroad Police",teal,2000-11-14,armand54@kirlin.com,/<e(nyMKjS{}=Zr$J
2c0167b1-541e-33bc-afa8-3f069e33bc8f,Ms.,Edwina,Turcotte,"34A Roberts Hollow Suite 468",berg,Baybay,Colorado,Australia,672-131-753,604-763-159,"Williamson Inc",willms.com,"Credit Checker",white,2012-12-19,serenity.bradtke@deckow.com,(N)vNk
a6cf8565-9091-3f3e-a44a-2a64cd829fc4,Mr.,Vallie,Jerde,"74 Hackett Dam",ville,Navotas,Delaware,Guinea-Bissau,031-131-833,602-302-720,"Hamill, Langosh and Dare",hartmann.info,"Bulldozer Operator",yellow,1976-12-15,manderson@deckow.com,:*?F2?%?rL>S(ZcflF
b158e8d8-7247-3919-8119-29be76dde488,Prof.,Wendy,Stehr,"86 Cremin Green",furt,Naga,Florida,Honduras,761-634-617,827-880-012,"Rogahn, White and Christiansen",balistreri.com,"Packaging Machine Operator",yellow,2001-08-05,nward@johnston.info,s[6ST_ptP)A!H
bfff27c0-5dab-33f3-aae0-61075b9ccaad,Dr.,Margarete,Parker,"42/57 Harber Road Apt. 723",chester,Lamitan,"South Carolina","Equatorial Guinea",905-896-298,566-544-465,"Schmidt Ltd",bartell.org,"Keyboard Instrument Repairer and Tuner",teal,1985-02-19,lawrence00@roob.net,>~ThBmJ=
b88defdd-76e5-3a1e-80fa-bf736b9f5530,Prof.,Beatrice,Leuschke,"67 Stanton Fall Suite 580",stad,Taguig,Georgia,Armenia,769-942-054,152-662-164,"McKenzie, Jakubowski and Crona",wiegand.com,"Refractory Materials Repairer",fuchsia,1983-09-19,mcdermott.dawn@yahoo.com,gn>/ILp<eIy
8eb3d305-2044-3670-b52e-3bb2b97b8f93,Mrs.,Don,Lynch,"28A Kutch Divide",mouth,Olongapo,Nebraska,Georgia,351-780-089,625-542-629,Rutherford-Daugherty,rice.biz,"Drywall Installer",green,1976-12-27,lyla.bartell@hotmail.com,"%9EZGk(\]X06O\L""X"
fa4c4e93-c030-3ee5-a692-40cfb9e14d5c,Dr.,Kole,Sipes,"80/80 Zemlak Trail",stad,Tagum,Illinois,Croatia,185-651-726,123-929-922,"Gerhold PLC",ullrich.com,"Tire Changer",lime,2020-09-24,turner.klocko@welch.com,"s4X,QY9ret;^m-"
eac41077-4829-3d95-9fb7-5d9a864cc7a3,Miss,Lon,Schimmel,"23 McGlynn Street Suite 004",fort,Tagaytay,Nevada,Mali,612-954-432,623-101-592,"Wisozk, Price and Conroy",ritchie.org,"Electronic Engineering Technician",white,2018-02-06,tkessler@hotmail.com,`*rVyS:9L
53ef8a99-17dc-3b8a-b570-e14a807889c0,Dr.,Jack,Stokes,"23 Marks Fall Suite 279",berg,"Quezon City",Ohio,Bolivia,498-111-594,796-625-811,"Haley, Fisher and Strosin",daniel.com,"Caption Writer",olive,1996-12-19,ckuvalis@jones.com,"x""!@S<#)CUMHwCoH"
5263c2c8-83f3-3104-aec9-797785a6fdde,Dr.,Ignacio,Kutch,"28/14 Schuppe Ridges",port,Taguig,"Rhode Island",Qatar,141-445-574,018-357-139,Orn-Renner,stiedemann.org,Molder,yellow,2017-01-27,osinski.aliyah@yahoo.com,iaGv/nncJiv
ba6bebe9-5915-3ebe-b4dc-19c664bf9be5,Ms.,Hubert,Reynolds,"87 O'Conner Shoal",view,"La Carlota",Texas,Spain,550-144-601,082-179-611,"Ritchie LLC",hahn.com,"Printing Press Machine Operator",gray,1970-01-24,yvette93@murray.com,;350<7&9)tzZ#e
64b5d91a-da5a-3f9c-b491-d9f7368d4a66,Prof.,Jayson,Haley,"14 Bosco Shore Suite 699",bury,Tabaco,Hawaii,India,674-764-798,175-671-856,"Kassulke, Kihn and Reichert",pacocha.org,"Insurance Policy Processing Clerk",green,1982-11-08,nettie.cummings@gmail.com,QHV@DzQ$uo_u6F
b5bb6625-2916-339e-b59a-a1dc08a7f942,Mrs.,Reina,Kihn,"54 Tromp Squares Apt. 717",side,Ozamiz,"South Carolina",Rwanda,025-425-608,326-176-157,Connelly-O'Kon,quitzon.net,"Tool Sharpener",blue,1978-10-03,rgulgowski@becker.com,-<XNWNi_!#^s-
90843ff2-20d1-3297-ab3e-d31308934972,Prof.,Mable,O'Kon,"93A Hamill Parkway Apt. 830",furt,"San Carlos","West Virginia",Cyprus,352-071-984,379-242-120,"Senger, Cremin and Hintz",ritchie.info,Psychiatrist,teal,1987-10-28,rocio43@effertz.info,[hTOwNc+A-o#eM209q
901cd771-ae47-31e2-b51d-19ed3257070c,Miss,Ottis,Hodkiewicz,"92A Walsh Station",side,Tagbilaran,"New York",Greece,144-313-103,203-116-432,"Witting, Stamm and Rutherford",dooley.info,"Maintenance Equipment Operator",teal,2000-10-06,nerdman@gmail.com,)<zi>S5g;O|s
dd3ca17b-e97a-3178-9b0c-9d05c9b8a9ed,Prof.,Nelda,Howell,"26A/90 Fay Glen Suite 672",ville,Dagupan,Texas,"New Zealand",869-756-974,466-697-931,"Friesen Inc",ortiz.com,"Automotive Mechanic",silver,1976-01-06,stamm.dante@gmail.com,f+ws1io*
bcb88d28-990e-3098-af9e-8b0b1d1b4d08,Dr.,Zack,Tillman,"91/19 Baumbach Branch Apt. 169",port,"Batangas City","South Dakota",Rwanda,466-363-013,127-526-236,Huels-Conn,nienow.org,"Exhibit Designer",yellow,2012-03-12,hills.mason@kozey.info,UGLtuIN'6squHhpf
57d15f3d-f1c9-3977-9f41-5a67d66648e2,Mr.,Virginia,Prosacco,"85A/41 Hirthe Harbor",port,Taguig,Montana,Tanzania,542-568-249,988-052-682,"Quigley, White and Gutkowski",wilderman.biz,"Radar Technician",lime,1972-01-25,maya.rath@johns.info,usp3o%waLxI)g&
1b09e995-1b77-3de9-a8bd-d9a1aa411d7e,Dr.,German,Smith,"75 Kub Island",land,Gingoog,Florida,Chad,781-257-140,342-801-630,"Abshire LLC",hudson.com,Maid,purple,2010-03-17,aimee02@halvorson.net,U%]A6m:
6ac7a981-e786-39bb-a651-39eb9943b83b,Dr.,Maddison,Doyle,"97A/79 Mraz Ridge Suite 581",ton,"Cagayan de Oro",Iowa,Singapore,630-478-483,011-157-441,"Mohr, Nienow and Schulist",mcclure.com,Artist,gray,2016-10-30,gino.senger@toy.com,"Is!$G(x\&N"
52adc0d3-0057-3712-baee-5d87db861210,Miss,Cynthia,Shanahan,"83A/37 Von Course",berg,Koronadal,Tennessee,"Holy See (Vatican City State)",459-016-939,430-827-159,"Ritchie PLC",denesik.info,"Entertainer and Performer",teal,2014-09-12,zula.adams@ebert.com,$'(S.[H%`[:ej1~2&
b36459ca-4e89-30d9-911b-acaa8f231afb,Miss,Marques,Kemmer,"52 Smith Springs",burgh,Ilagan,"North Dakota",Kenya,666-760-054,328-078-255,"Hettinger, Rowe and Zemlak",daugherty.com,"House Cleaner",lime,1995-09-14,sreinger@hotmail.com,d>rfqr[[^d~i+TN_
43a8382e-9c7b-3361-b946-c44b641ef15d,Dr.,Wallace,McLaughlin,"66A/63 Weber Manor",burgh,Kidapawan,Texas,Comoros,528-753-960,713-880-765,Kunde-Zieme,white.com,Psychologist,blue,1976-06-13,helmer28@schneider.com,:EH?]QkA2?d.A4Q(wc%)
7dd1dbb1-fd2f-3c48-9605-ac43b9cdad72,Ms.,Keshawn,Huel,"30A/71 Effertz Stravenue Suite 456",mouth,Muntinlupa,Maine,Liechtenstein,786-665-672,048-253-546,Kozey-Von,pouros.com,"Chemistry Teacher",black,1997-07-26,reinger.olaf@bernhard.com,"4B:E!aU"",ll~u;"
06f99953-7263-3ec7-85bb-50d98fecb5ab,Mrs.,Freda,Vandervort,"99A/83 Hayes Crescent Suite 384",town,Silay,"New Hampshire",Nauru,315-519-780,701-116-467,"Mraz, Medhurst and Bergnaum",beahan.net,"Dental Laboratory Technician",blue,1971-02-16,gkerluke@hotmail.com,2oIvW5K!
fe13ad89-fa03-31f5-ac12-55177230351d,Mr.,Laron,Cummerata,"54A Treutel Underpass Apt. 493",burgh,Manila,Arkansas,Yemen,653-574-817,170-443-363,"Barton Group",williamson.biz,Paralegal,lime,1992-04-10,eleanora95@gmail.com,;eY2}$
bb60bfec-5763-3d39-a3e3-31972a7b2a3c,Ms.,Ada,Mills,"48A Huel Village",borough,"Surigao City",Hawaii,Ireland,846-750-817,315-514-377,"Lueilwitz Ltd",hirthe.com,Nutritionist,gray,1973-02-07,roberta.reilly@kuhn.com,MbkVKQhJ')x
1ebe3e91-7b41-3237-bbed-8017a11bc6cc,Dr.,Coby,Sauer,"97A Koch Stravenue Suite 158",port,"Cagayan de Oro",Pennsylvania,Bhutan,296-473-532,175-608-944,"Harvey, Erdman and Klein",lind.com,"Painter and Illustrator",black,1978-09-18,cgoodwin@abbott.biz,"GF2kLF"""
80ed6766-b09d-3c4c-bae0-2d4f6bd900ae,Dr.,Chadrick,Shanahan,"32A/74 Jenkins Groves Suite 279",berg,Sagay,Wisconsin,"Saint Martin",708-341-287,189-656-816,"Green, Wiza and Hudson",volkman.com,"Able Seamen",purple,1999-01-30,heller.taylor@dickinson.net,}WpUyVJlxbyF^eBT
bb5babfd-7a60-3d18-840e-c4d566b9f952,Prof.,Jessica,Kemmer,"03A/89 Williamson Parks Apt. 191",berg,Marikina,Michigan,"Slovakia (Slovak Republic)",218-598-123,110-604-223,Gorczany-Mann,romaguera.info,"Gaming Supervisor",navy,1993-07-18,christiana.okon@nitzsche.net,{.Bi.|>6Ndv.c=RLw
6e04bb8d-8136-3f3b-bae7-a7f3ed0b0488,Prof.,Nelda,Willms,"65A/23 Harber Well Suite 450",side,Iligan,"New York",India,461-090-901,214-495-183,Weimann-Bashirian,johnson.biz,"Flight Attendant",fuchsia,2003-04-01,theresa.mohr@gmail.com,-z.d3O.%+x
f8d8a46a-ef52-3871-95e6-0fd8c7b9eb20,Dr.,Candida,Schneider,"38/23 Heidenreich Grove",port,"Davao City","North Dakota",Palau,198-386-493,388-271-420,"Kovacek, Schneider and Gorczany",mann.info,"Advertising Manager OR Promotions Manager",white,1975-10-21,padberg.ryder@hotmail.com,{iBg&^/b
6f5c242f-6708-31bb-af55-ebccd4d220cb,Mrs.,Erling,Medhurst,"61 Collins Glens Suite 596",berg,Samal,Maryland,"Holy See (Vatican City State)",139-274-328,234-987-368,"Nienow, Wuckert and Treutel",raynor.com,"Elementary and Secondary School Administrators",green,2021-02-08,gertrude.green@hotmail.com,"j<{""$x"
d596f9eb-9c19-3eca-b534-c634bf455b3d,Prof.,Luella,Glover,"10A/21 Mraz Rue",stad,Alaminos,Mississippi,Philippines,693-734-068,850-007-465,"Rau Ltd",stark.biz,"Pressure Vessel Inspector",navy,1985-03-25,jonatan.hilpert@gmail.com,FW1FyNY)7P}+2rKn
c4fab1ef-5e93-386e-a16f-18afce0ae97e,Mr.,Kristy,Aufderhar,"45A/68 Jacobi Burgs",land,Maasin,Maryland,"Saint Kitts and Nevis",983-197-140,890-276-696,Beer-Kutch,hauck.com,Pediatricians,green,1974-04-20,estracke@trantow.net,rlx)py3;Ht7WY
6916c8d9-f810-3d1f-a80e-bafb552095cf,Prof.,Nicholaus,Wehner,"38A Brekke Vista Suite 078",fort,Baguio,Montana,Timor-Leste,807-626-965,947-420-275,"Ortiz PLC",batz.org,"Electrical Engineer",blue,1975-05-16,fredrick.nolan@bogan.com,"9yTd|H{XGR/%"""
4c61b37a-485d-36c4-93de-ebf905cf0069,Dr.,Clotilde,Bartell,"18A Grimes Stravenue Suite 083",port,Tanjay,Massachusetts,Portugal,589-904-916,799-636-779,"Kozey, Lockman and Barrows",conroy.info,"Transportation Equipment Painters",silver,1993-03-28,lou11@weissnat.com,SvuTI|jnZm
dcbc1ee0-de3a-3b7e-98cc-00f6818efa6f,Dr.,Madisen,Deckow,"58A/26 Jakubowski Underpass",haven,Candon,Wyoming,Uzbekistan,338-545-156,034-219-886,"Ledner Ltd",weissnat.org,"Battery Repairer",green,2003-10-17,emily.bruen@yahoo.com,Jr)Xg2nJ{jes
4dc742f2-79df-31fc-84a7-86c33ce484f7,Mr.,Josiane,Greenholt,"98A Kautzer Flat Apt. 245",borough,Pasay,"West Virginia",Jamaica,085-657-096,879-681-573,Kreiger-Zemlak,wilkinson.info,"Merchandise Displayer OR Window Trimmer",fuchsia,1993-05-13,ythiel@gmail.com,"lV/W{bqR,E1PjUGX<"
970e0c30-8338-35c0-bce4-03f4910bd4e2,Prof.,Mekhi,Gislason,"57 Nader Locks Apt. 997",town,Vigan,California,Chile,433-102-886,566-734-487,"Herzog and Sons",stracke.com,"Lay-Out Worker",green,1991-07-27,gabrielle.okuneva@hotmail.com,"0{3b""H"
6b09b5c7-23c5-3a62-9459-014b1149bef4,Prof.,Tressa,Beahan,"36/65 Renner Glen",berg,Mandaluyong,Idaho,Malawi,434-569-050,168-939-396,Jacobi-Nicolas,hermiston.org,"Industrial Engineer",purple,2002-11-19,ola77@bednar.com,"1jt,U*""%/+|9Q}}w"
b8c6d702-86b4-3640-b109-22725becfeb7,Prof.,Bartholome,Sporer,"83/33 Upton Light",port,Naga,"New Jersey",Hungary,688-825-568,674-983-698,"Kunze, Larson and Lueilwitz",bradtke.biz,"Automotive Specialty Technician",yellow,2000-07-29,zmertz@franecki.info,Yl!1u1RKdD$`s+#>o
b6408cfc-5554-3e8c-ad02-bdcac7b8266a,Prof.,Saige,Graham,"65/12 Schmeler Courts Suite 331",fort,Valencia,Minnesota,Pakistan,562-321-959,716-402-321,"Abshire, Walker and Pollich",schneider.org,"Brattice Builder",silver,1979-10-17,cathrine.eichmann@mohr.com,*K6a5!/}78[K9nBKP
c9e15651-1cf3-354a-8b46-be6053299c32,Mr.,Kayla,Senger,"55/88 Strosin Loaf",view,Guihulngan,Maryland,Aruba,217-022-279,699-215-398,"Dibbert Group",walter.com,"Food Cooking Machine Operators",aqua,1994-02-08,parker.nyasia@abernathy.com,e8:nq2;|??~l~
92e87182-5829-3a1f-9791-dfbff21ddcb0,Ms.,Dewitt,Bogisich,"08A Grimes Isle",shire,Candon,"Rhode Island",Seychelles,107-603-393,824-878-836,Gaylord-McClure,lang.com,"Shoe and Leather Repairer",blue,1978-11-13,zdickens@hotmail.com,|'Nu2[P*gc/Z>_{cE4.o
3f6ad939-74e1-3093-ba7d-5a20e8a5d47a,Prof.,Christelle,Fadel,"44A Tremblay Road Apt. 303",berg,Bislig,"District of Columbia","Wallis and Futuna",561-626-421,299-501-903,"Marvin, Metz and Johns",marks.com,"Transportation Manager",aqua,2006-04-07,noah44@yahoo.com,Rinw@l<`:&
6db9af84-8b10-3110-a645-0df40c7b2fe9,Mrs.,Ismael,Gusikowski,"33/12 Kuhic Shoals",side,Pasay,Colorado,"American Samoa",017-936-665,674-143-248,VonRueden-Stark,hettinger.biz,City,yellow,1979-01-03,zakary70@reichert.org,D&@;r&+|S)![jWw
aeec4023-b54e-3250-a647-2f82ae7ea113,Prof.,Garrison,Windler,"65 Mante Cove",burgh,Tacurong,"Rhode Island",Serbia,834-972-069,030-666-330,"Hahn LLC",stark.com,"Parking Lot Attendant",black,2014-02-10,sauer.cristina@streich.org,"@!T?=,I&9"
36f22059-ff93-3ee3-827f-53d9fab6d28d,Prof.,Loyal,Zulauf,"22 Robel Unions",haven,"Batangas City",Illinois,"Northern Mariana Islands",316-675-999,052-868-562,Howe-Reichert,wisozk.org,"Psychiatric Aide",blue,2021-12-08,roob.kailey@ebert.com,"+Em0Eh""<w(4^;tVE+"
3ed15ab1-e7c5-3cb7-bf4c-874791dc7132,Prof.,Garland,Feeney,"40A/35 Bins Fords Apt. 610",ville,Meycauayan,"South Dakota",Vanuatu,359-763-627,083-974-981,Cormier-Ward,miller.com,Woodworker,gray,2010-05-12,qferry@kautzer.org,"F},0\:k<)/Xq"
05815373-ba59-339a-af61-03afcf902892,Prof.,Adam,Mraz,"77A Cole View Apt. 613",ville,Canlaon,Illinois,Niger,696-880-989,943-913-535,"Boehm, Schmitt and Schinner",abernathy.com,"Industrial Safety Engineer",black,2019-10-26,kohler.roberta@gmail.com,"""u:-8Rg{(aOW#q"
8191d21b-1f1d-3d82-9276-436f733c15f6,Mrs.,Alexzander,Olson,"44/21 Fadel Shoal",berg,Navotas,Florida,Luxembourg,380-195-832,264-631-129,Schinner-Will,pacocha.org,"Counseling Psychologist",fuchsia,1974-08-27,mireya.beahan@hagenes.org,TtzXu!c^(6
4acf3f56-0a09-323b-b03e-e4532809c220,Ms.,Myrtle,Kuphal,"66 Bernhard View",chester,Bislig,Connecticut,Tunisia,127-375-490,201-323-777,"Koch, Shanahan and Hettinger",hills.com,"Ship Pilot",green,1996-04-04,cortez.pouros@nicolas.org,)Anu-iz/gY1jKP
603d8371-b138-3bf0-8bda-971e76bd74f9,Dr.,Makenzie,Deckow,"85/27 Smitham Dale",furt,Mati,Kentucky,"Holy See (Vatican City State)",309-479-494,814-922-112,"Block Inc",bauch.com,"Rotary Drill Operator",silver,2024-05-25,mason71@gmail.com,T:e%FrSL3
bbd1815c-1b03-383b-83ed-3dc70b629585,Dr.,Marcus,Rosenbaum,"21/67 Pagac Corner Apt. 202",bury,Olongapo,"Rhode Island",Kiribati,012-902-236,934-174-868,"Corkery, Pouros and Barton",murray.com,"Personnel Recruiter",lime,1987-12-24,eklein@casper.com,"Pj\_gmGS=0JH/"
e9707a3d-bc8c-35cc-a5da-a97ab985d5bb,Mr.,Oswald,Bernhard,"45A/80 Barrows Via",haven,Tandag,Tennessee,"Cocos (Keeling) Islands",663-789-640,901-681-205,Reichert-Casper,kerluke.biz,"Textile Machine Operator",yellow,1982-09-16,alexandria.hettinger@hotmail.com,Skn(~:N3@jVr?
20401347-7e3e-3543-a246-20976b71be24,Mr.,German,Bahringer,"21/28 Robel Lodge",burgh,"Cotabato City","South Carolina",Oman,878-634-813,639-872-855,"Becker Inc",beer.com,"Camera Operator",white,1975-06-17,rosenbaum.chloe@gmail.com,c8}A9-
83760b98-d2a7-3c98-809e-683f78c2359e,Prof.,Chris,Kuhn,"85A Shields Centers Suite 046",land,Carcar,Arizona,"Falkland Islands (Malvinas)",747-674-025,317-542-736,"Nikolaus Inc",murphy.biz,"Recyclable Material Collector",silver,2022-10-21,gulgowski.dee@schoen.com,"Cu;!B\VAjpNa&Es"
a4902a99-9428-33bb-9d55-3318b43c2f12,Prof.,Phyllis,Keebler,"27/43 Huel Loop Apt. 955",bury,Calamba,Utah,"Sierra Leone",212-627-456,075-799-478,"Bartell, Dooley and Homenick",mraz.biz,"Restaurant Cook",navy,2012-06-25,sandy28@hotmail.com,twscR]Ix=F
3ceba2bc-be7b-3658-83b3-cbf412ec835d,Ms.,Luella,Kunde,"34A/88 Herzog Mountain Suite 060",ton,Navotas,Indiana,"British Indian Ocean Territory (Chagos Archipelago)",623-577-187,609-833-925,"Yost Inc",corwin.com,"Agricultural Technician",teal,1989-07-01,dudley.ward@greenfelder.net,(nVOH@;FP
8aef6660-75cc-3a7e-8513-dc5b7b3e3472,Ms.,Kaelyn,Dare,"07A/69 Carroll Cliffs",burgh,Tabaco,Hawaii,Australia,268-878-411,885-173-208,Lemke-Hagenes,friesen.org,"Medical Scientists",purple,1980-09-11,wolff.chelsie@gmail.com,AAVM{Ec`
d7c49d32-124c-3c14-b310-536e30558808,Ms.,Kyra,Harvey,"95/51 Runte Drive",furt,Naga,Kansas,Austria,300-772-636,671-972-505,Crona-Koch,homenick.com,Bookkeeper,navy,1970-03-14,tmetz@yahoo.com,^kA&+G
95b530cd-bf8d-3e06-8c65-3e7c3a93d2d9,Mr.,Napoleon,Roberts,"24 O'Kon Pine Apt. 445",borough,Candon,"Rhode Island",Luxembourg,571-279-693,542-510-178,"Dickinson Ltd",baumbach.com,"Business Manager",purple,2014-12-21,angeline.harber@cartwright.com,"v@B\-{DAf'K9/B-1"
bf0b942a-93cc-3a53-b2ce-721ac1f87ad5,Prof.,Isac,Marquardt,"31A Pouros Square",chester,Urdaneta,Arizona,Timor-Leste,639-864-689,942-831-365,"Schultz Inc",king.com,"Gas Processing Plant Operator",lime,1991-01-25,ebba66@yahoo.com,"HdV\`\GG\w{K`"
5c517212-e878-371b-8f51-d27dbf1a9d9d,Miss,Walton,Beier,"34 Koepp Center",side,"Cotabato City",Arizona,"Isle of Man",713-924-563,457-222-555,"Hegmann Inc",konopelski.org,"Stringed Instrument Repairer and Tuner",yellow,2005-03-10,haskell.bruen@berge.com,]'AL%+LbLw&vTKr&M
de2e2818-1635-3bc4-abf9-335e8febdacc,Prof.,Haleigh,Gutmann,"64A Brown Turnpike Suite 039",berg,Tuguegarao,Montana,"Western Sahara",365-448-519,648-052-662,"Hermiston and Sons",franecki.info,"Medical Appliance Technician",teal,1975-12-30,jerrell.purdy@friesen.com,LvPL5XZ7kxUmxeYt#
41b438a9-2a47-3b46-b93f-743160a208c7,Mr.,Viviane,Marks,"63 Johns Shoal",berg,"Santa Rosa","New Hampshire","Russian Federation",232-717-181,576-651-008,"Hermann LLC",rohan.com,"Data Processing Equipment Repairer",teal,1990-12-11,keara.kovacek@collins.org,DfXbo#JU}:
8599be08-e071-3598-a6c5-8fbb20a2889b,Ms.,Marilyne,Braun,"97 Bauch Junction",furt,"Santa Rosa","North Carolina","United States of America",125-269-421,563-994-723,"Metz PLC",gibson.com,Announcer,silver,1984-12-31,verdie.hermiston@yahoo.com,"rx@t97|FU/!D\/ip:"
310789f0-3264-3e3d-9b19-b4e99365d8cf,Mrs.,Ray,Legros,"27A Koelpin Prairie",mouth,"Cavite City","South Carolina","Saint Kitts and Nevis",753-400-158,096-985-877,"Klocko Inc",kiehn.com,Admin,black,2011-03-16,wheathcote@yahoo.com,e3CN1uonn]m#]
801b47a4-c436-3383-97f5-666b66b532fb,Mrs.,Lemuel,Collins,"83/74 Kuphal Walks Apt. 332",land,"Masbate City",Kentucky,Chile,330-333-226,358-983-613,"Gerlach, Gleichner and Swaniawski",glover.com,"Camera Repairer",maroon,2021-04-21,rey.metz@yahoo.com,$d%@9<uJk#jDzPbDT
efd2997f-f009-38b1-bb49-b42e5de3afcd,Dr.,Moshe,Leannon,"26A/72 Fritsch Avenue Apt. 123",ville,Bacoor,Vermont,"Slovakia (Slovak Republic)",665-928-114,639-306-862,"Predovic, Gislason and Boehm",sipes.info,"Homeland Security",blue,1987-02-09,sheridan.jacobson@yahoo.com,k4[b~y`NNV[E@R^]
891e776b-40f9-3ac1-9a77-e482dfb74157,Mr.,Guido,Beatty,"13A Bosco Plaza",mouth,Olongapo,"New Jersey","British Indian Ocean Territory (Chagos Archipelago)",379-582-462,732-843-215,"Borer Group",stracke.info,"Medical Laboratory Technologist",blue,2020-12-03,kole25@hotmail.com,n7X7MLvr3'K;C
47047e95-eb7a-3b11-a844-45a8804553cc,Prof.,Ransom,Hoeger,"88/51 Jones Trail Apt. 058",borough,Marikina,"South Dakota","Turks and Caicos Islands",462-082-544,602-146-395,Bogisich-Brown,bins.com,"Board Of Directors",lime,2001-02-16,nienow.abigayle@eichmann.biz,D)*Rqy=(ho7qi@'2;Gs$
9a7130b2-af82-311f-9264-07a4bcfe350f,Dr.,Jedediah,Roob,"53/75 Schimmel Fall Apt. 324",view,Lipa,"New Mexico","Netherlands Antilles",674-218-956,667-399-098,Nolan-McKenzie,rolfson.com,Stonemason,green,2005-05-09,sgrimes@homenick.com,"%~\OcD3Z|"
9fa40f25-7556-3942-b1bd-bf93c83e561e,Dr.,Kole,Jast,"10/92 Ziemann Hollow",land,Legazpi,Alabama,Lesotho,750-114-295,093-558-005,"Romaguera, Spencer and Nienow",howell.com,"Music Composer",black,1991-09-26,perry07@rowe.com,eAATc(x(5B}z
146df7ad-e5b1-3369-88bb-e1ada8f6bd28,Miss,Cordell,Watsica,"78A/34 Boyer Ports Suite 327",mouth,Himamaylan,Mississippi,"Sri Lanka",666-776-062,664-577-019,Romaguera-Corwin,baumbach.com,"Plant Scientist",white,2001-11-10,kunze.adelle@hotmail.com,d9s3s@Dn
b8f701a7-8a0f-32ef-b8d8-54d0fb51e9d7,Prof.,Jadon,Lindgren,"16/67 Kris Bridge",stad,Palayan,Missouri,"Netherlands Antilles",432-664-506,418-315-875,"Boyer LLC",rosenbaum.info,"Funeral Attendant",white,2008-05-04,sprosacco@kuphal.info,l]~Ql'xaJ.>
4df890dd-59c1-3030-97ec-1a071d0783c3,Prof.,Sophia,Dibbert,"68A Wilderman Freeway Apt. 452",ton,Tanauan,Connecticut,"Sao Tome and Principe",544-575-116,381-959-185,"Lehner, Brakus and O'Conner",witting.biz,Telemarketer,maroon,2011-12-18,hwilderman@hotmail.com,K{tirF
8c92514d-2b39-39be-b9bf-cd167ad85585,Mr.,Yoshiko,Wisozk,"23/28 Bins River",bury,Mandaluyong,"District of Columbia","Marshall Islands",579-686-967,136-428-637,Huel-Terry,cruickshank.biz,"Equal Opportunity Representative",lime,2018-06-17,wilkinson.christian@nolan.biz,&Opl2&8!LaoC*]A
16819161-aaa6-39eb-9103-03348a7e8abf,Mr.,Aiden,Lockman,"20A/02 Schinner Shore Apt. 733",mouth,Bais,Michigan,Liechtenstein,007-597-960,476-438-720,Gorczany-Adams,pollich.com,"Bartender Helper",white,1995-07-26,nader.raina@gmail.com,"&GnO'=mF,8"
58f60ed9-ef2f-3241-a2aa-50c75b3cf37d,Miss,Scotty,Osinski,"77/67 Hackett Unions Suite 377",ton,Dapitan,Illinois,Montserrat,819-662-092,176-921-761,"Raynor, Strosin and Frami",cormier.biz,"Stone Cutter",olive,1989-06-11,xcartwright@yahoo.com,"mXIfI\RZvYdQwi-ki""}"
2c1ab419-5cf7-3883-b0d8-b2837536a141,Prof.,Mathilde,Batz,"37A/84 O'Connell Dale Suite 325",chester,Gapan,Alaska,Lithuania,365-744-312,566-226-492,"Moore, Roberts and Rodriguez",kunde.com,"Semiconductor Processor",gray,2011-08-26,maximillia76@hotmail.com,"8c!`AJV"""
9b198acb-ef81-3cca-af95-9982f207c71a,Prof.,Chelsea,Walter,"31/91 Mayer Summit Apt. 265",burgh,Iligan,Arkansas,"Trinidad and Tobago",543-732-909,033-608-464,Strosin-Monahan,wiegand.biz,"Shoe and Leather Repairer",yellow,1996-02-16,bergnaum.shyann@hotmail.com,@&(P`vL>J(}M
505de7cc-bed3-3311-a682-bf214c7c3195,Dr.,Mireille,Heathcote,"54A/08 Hyatt Viaduct",berg,Dapitan,Alabama,Finland,005-922-378,969-126-919,"Dickinson Group",mayer.com,Roofer,maroon,1993-06-30,matilde.lowe@torp.biz,"w6c""vf8>Zf"
0c3da89d-11d4-3a44-8a9e-c7853933faf8,Mrs.,Karine,Stroman,"88/12 Torphy Park Suite 394",shire,Dumaguete,"South Carolina",Liberia,868-311-738,003-102-516,"Legros Ltd",ritchie.info,"Crushing Grinding Machine Operator",aqua,2013-08-09,edwin.little@gmail.com,(Vqz8Iecen]/D^^>X+8E
14e15233-40b7-3ffa-87d5-002d6aadf54e,Prof.,Emil,Rodriguez,"47/74 Sipes Isle",berg,Butuan,Kentucky,Montserrat,601-187-327,394-606-628,Wilderman-Wiegand,monahan.org,"Transportation and Material-Moving",navy,2014-11-02,vesta88@gmail.com,nG)9d8m4*T
2b8185a9-2078-3725-b09c-bdba369fa77d,Mr.,Alessandro,Thompson,"11A/59 Feeney Mews",land,Koronadal,Wisconsin,"Antigua and Barbuda",000-645-097,696-958-853,"Hudson Group",bruen.com,"Marine Architect",green,2012-04-24,israel.schimmel@hotmail.com,"6&s{R<D0~NbS,"
81834726-7216-3da8-a30a-dd7ef92d0bb6,Mrs.,Noemy,Steuber,"34/32 Romaguera Loaf",ville,Roxas,Connecticut,Bolivia,327-339-807,618-459-513,"Terry, Herman and Kemmer",strosin.com,"Parts Salesperson",navy,1980-12-09,leon.murray@ortiz.com,87jw}?&U
82b7e2cf-7ab4-3dee-86d8-a0876ec89954,Dr.,Fay,Shields,"61 Powlowski Forest Apt. 939",town,"Davao City",Missouri,Djibouti,741-906-058,968-672-575,Hudson-Walker,lebsack.com,"Order Filler",teal,2023-10-17,samanta46@gmail.com,"""""K\89(Gh"
cdbf6751-c89e-3544-927e-444325fbca2a,Ms.,Steve,Goodwin,"76/96 Powlowski Harbor Suite 079",ville,Navotas,Arizona,"United Kingdom",759-980-889,596-133-559,"Wiegand, Fahey and Denesik",moore.biz,Biochemist,navy,2002-03-09,hyman57@denesik.com,A%f=VI@EvdKpgKI|f
220df411-d835-3b53-90ac-ecb4521f70f1,Dr.,Naomi,Heaney,"31A/53 Klein Village",land,Balanga,Washington,Philippines,520-580-918,201-532-285,"Howe LLC",jacobson.com,Economist,gray,1988-11-15,sonia.berge@howe.biz,f)GD1A7$2gW$>_
c0a00e24-a425-3655-bb99-411bbe7dbb14,Dr.,Kaya,Runolfsdottir,"70/64 Keebler Common",land,Tagbilaran,Hawaii,Malaysia,746-444-350,856-413-943,"Borer PLC",kris.com,Biophysicist,blue,2007-12-30,kemmer.emile@gmail.com,iQ&-7%rjw]{
3009fea2-76fe-3f66-b118-b14ab821970d,Prof.,Darryl,Nienow,"88 Cassin Creek",chester,"Cagayan de Oro","South Dakota",Martinique,515-454-500,796-177-870,Rohan-Will,ortiz.org,"Railroad Switch Operator",green,2017-05-14,kub.walton@hotmail.com,YTqdfLLHM;tHr]dz
a22d0197-5a24-3256-baff-77c363382e99,Dr.,Marcelino,Mann,"93 O'Kon Villages",stad,Escalante,Missouri,Montenegro,575-261-146,458-934-634,"Lehner, Koepp and Kohler",jones.info,"Welding Machine Operator",yellow,1974-09-03,adele32@gmail.com,"p1MsfL""Z-QyRAxAOF*"
cbea853d-2705-3b95-a259-eeab903a5cee,Dr.,Delphia,Howe,"25 Langosh Spring",furt,Passi,Hawaii,"Cote d'Ivoire",453-152-067,784-577-990,Watsica-Hettinger,spinka.com,"Art Teacher",fuchsia,1997-02-05,rosemary90@gmail.com,4ibVw{lPKyV!Y
0a41c74a-fd97-384c-a931-b26edb6990a6,Miss,Madisen,Bosco,"34/61 Haag Throughway Apt. 520",fort,Pagadian,"West Virginia","United Arab Emirates",810-805-975,761-246-953,Reynolds-Collier,abernathy.com,"Computer Systems Analyst",maroon,1987-10-08,donavon.casper@gmail.com,[()hloiM
0095e6cb-5d7d-300c-b453-66bac957d485,Miss,Wayne,Sawayn,"82 Thiel Mountains Apt. 176",bury,Calamba,Louisiana,Ukraine,984-700-404,266-303-039,"Tillman Ltd",wintheiser.com,"Environmental Science Teacher",fuchsia,1973-11-02,alexzander.orn@hotmail.com,r[cc)Z>CUe3Uyqf/
eee6af77-662d-3d6c-8860-d14dfd620030,Dr.,Bertrand,Schoen,"25A/18 Mosciski Turnpike Apt. 793",land,Tabaco,Indiana,"Northern Mariana Islands",234-736-575,996-313-241,"Rippin Ltd",christiansen.net,"Command Control Center Specialist",black,1996-03-30,arnaldo.kihn@yahoo.com,f+XxjQ?
969de8fa-2ed6-35c1-ad76-217d0f38bcf5,Miss,Sonia,Pfannerstill,"16 Ondricka Plaza",chester,Butuan,Connecticut,Qatar,702-649-679,643-797-253,Hirthe-Davis,zemlak.com,"Office Machine Operator",purple,2003-10-12,ugreen@gmail.com,8-H'mg
e6c53aa4-5b85-3527-846c-1d3c2099688e,Prof.,Verda,Brekke,"45 Wyman Burg",side,Lapu-Lapu,Massachusetts,Macao,907-504-562,775-276-040,"Kassulke, Ryan and Kuvalis",price.com,"Diagnostic Medical Sonographer",blue,2013-04-14,toy.hellen@glover.com,(m:sFW7yE
5480a5ff-e5dd-31c9-aa52-37d5f52fdcb5,Dr.,Ignatius,Feil,"09A Keebler Corner Apt. 029",haven,Mandaue,Arkansas,Djibouti,119-609-708,787-284-915,McKenzie-Trantow,fisher.org,"Metal-Refining Furnace Operator",black,2019-02-01,roosevelt.ondricka@stracke.biz,-RO9zI*eM&fXX%$6@E
72dff3b4-87ce-3df3-9b03-7d5b3c65d6cc,Prof.,Kurt,Hilpert,"63A/77 Prosacco Wall Apt. 408",town,"Quezon City",Maryland,Ghana,004-186-367,433-375-008,Weissnat-Green,lesch.biz,RN,gray,2022-12-31,antone96@white.com,d=#ORqX;1jCZkErv&ao
d1bb03e3-7307-3ec1-887b-7277972b2775,Miss,Gerald,Bednar,"24/90 Hane Grove Suite 674",ton,Talisay,Hawaii,"New Caledonia",080-933-541,090-525-408,"Thiel LLC",tremblay.com,"Chemical Equipment Operator",blue,2020-11-26,okon.andres@yahoo.com,Ba:od4jLL%kC~pY
e078d023-23a4-35c5-8e7c-2ddd614719fc,Mr.,Troy,Shanahan,"53 Mayer Spring",burgh,"Las Piñas","West Virginia",Malaysia,324-239-395,662-589-816,"Miller LLC",brown.com,"Speech-Language Pathologist",maroon,2011-07-05,nschulist@mills.com,"(nL1sj4,oQ-2q"
fff30cae-ede3-3237-ad8f-ab70b456b76f,Prof.,Jeffry,Turcotte,"87 O'Hara Glen Suite 660",view,"El Salvador",Oklahoma,Nicaragua,876-531-450,044-115-454,"Dickens and Sons",eichmann.org,Editor,olive,2017-11-12,friesen.hannah@grant.com,"/^/?""?FI-tnB}y"
ea5076a1-b6d2-3aa9-a7f0-8eb5ed569f1e,Dr.,Sabina,Rosenbaum,"92A Hessel Station Apt. 796",stad,Palayan,Georgia,"Bouvet Island (Bouvetoya)",735-569-096,196-041-422,Mann-Olson,yundt.com,Assessor,white,2008-08-28,katelin25@schulist.com,|bGuC_SZP:Y
6b690aca-dc29-31dc-8843-ea1b97148fff,Mr.,Gordon,Bauch,"65A Goodwin Wells Apt. 161",furt,Cabanatuan,Washington,Greenland,197-663-036,767-022-266,Parisian-Schoen,renner.com,"Algorithm Developer",black,1984-08-25,earnest.hahn@kautzer.info,}WB29>)OYR2Y)Ri`k&-L
df982aa1-62b2-3258-9197-c9e2c7e6876e,Prof.,Jackson,Emmerich,"92A Sawayn Harbors",fort,Mabalacat,Colorado,Denmark,484-013-368,362-815-191,"Kemmer Group",oberbrunner.com,"Mathematical Science Teacher",purple,2020-11-11,phyllis29@schinner.com,")3,0/y"
51ed9f89-8cf3-31cb-b882-f5423394c41f,Miss,Issac,Skiles,"08A Klocko Squares Apt. 763",mouth,Manila,"New Jersey","Norfolk Island",422-734-629,022-720-053,"Corwin, Wolf and Gleichner",stroman.com,"Bindery Worker",teal,1974-10-09,mkreiger@hotmail.com,>nrib2Y%2:~wq3~
8cd9d040-1fe2-30a1-982d-32f62470d5ae,Mrs.,Kip,Schroeder,"00A Swift Centers Apt. 313",shire,Talisay,"South Carolina","Trinidad and Tobago",488-592-342,418-628-448,"Huels LLC",keeling.com,"Sociology Teacher",navy,1971-09-13,ghyatt@goodwin.org,0/F^w(qO$-IQ.
013f15e1-d1ce-3f2e-a469-7f1b8088257d,Prof.,Princess,Zemlak,"88/81 Paucek Passage Suite 303",town,Muntinlupa,"South Carolina",Comoros,480-887-270,594-511-331,"Blick, Heathcote and Schimmel",douglas.com,"Vice President Of Marketing",maroon,1975-12-02,ftreutel@windler.com,"v:$Q'S)pwOMcu{""9.$"
a7ccb316-f1a1-3f4d-8a67-e0c0cb0c6c66,Mr.,Faustino,Smitham,"13A/84 Buckridge Fords Suite 036",view,Danao,Wisconsin,Vietnam,825-924-055,769-222-881,"Dare, Prohaska and Bashirian",lemke.info,"Brazing Machine Operator",blue,1971-04-29,hartmann.eldridge@yahoo.com,"""&/d;G&"
b3f1f010-4e50-358b-92dc-defb13a191c8,Mr.,Ariel,Balistreri,"17/93 O'Kon Hills Apt. 218",bury,Imus,Alabama,Lebanon,994-554-764,034-247-328,Reilly-Pfannerstill,koelpin.com,Boilermaker,teal,2016-10-25,dietrich.alejandra@yahoo.com,"Ojiu\3j"
38e90ff0-ca01-3fc0-8839-ebbad0e55b3d,Dr.,Russel,Torp,"48/16 Dickens Shoal",town,Ozamiz,Georgia,Uruguay,064-913-856,698-787-400,"Metz, Shields and Strosin",gaylord.com,"Director Religious Activities",lime,1979-07-07,maynard.murazik@yahoo.com,~|8hGS(5|t
a869a9d3-0de5-39d0-989c-52bb9b2fec86,Miss,Darby,Kuhic,"80 Mosciski Rest Suite 711",fort,Gapan,"District of Columbia",Sudan,289-873-837,600-094-701,Homenick-Kihn,bailey.com,"Electrical Drafter",navy,2022-03-07,jeffry.yundt@yahoo.com,JA+mh*N=ofDF;>dQQx$
9b37fe00-0bfa-3db1-aaf4-1e1dd45e337f,Dr.,Gilda,Satterfield,"41 Kuphal Crossroad",furt,Cauayan,"Rhode Island",Belarus,888-988-350,799-576-876,"Gleichner, Casper and Leannon",schmitt.org,"Correspondence Clerk",lime,2012-11-13,phudson@yahoo.com,"Re$Tl_59k3:WUZ$J"""
3a97094a-c064-3769-9d24-1b5698fb75c3,Miss,Reanna,Cole,"63A/11 Schowalter Alley Apt. 782",land,Tabaco,Maine,"Hong Kong",836-977-793,120-395-746,"Bosco, Dooley and Dare",botsford.info,"General Practitioner",silver,1986-01-01,bbarton@hotmail.com,"Vz7bh@_:cc`Y}js3"":\"
5206309a-ded6-30e0-a57e-27c37f3d25fc,Prof.,Oswaldo,Pouros,"66A/20 O'Hara Meadow Apt. 614",side,Muñoz,"South Dakota",Lesotho,295-079-904,045-530-368,Kuphal-Crona,bartoletti.info,"Rail Yard Engineer",navy,2007-11-07,forest.kunze@predovic.com,":3xVNbfJrvk""]TEPOg""\"
7bb940a3-f574-39e2-96b6-a5bcd6f4d81e,Dr.,Geoffrey,Weimann,"79 Kunde Spur",mouth,Butuan,Arizona,Reunion,291-762-762,418-279-175,"Dooley, Reilly and Johnston",homenick.info,"Casting Machine Set-Up Operator",blue,2022-02-22,okeefe.cristopher@zboncak.com,83zn=R^oxB@7ZXWDXp
641a6de3-f36a-33c2-a1e1-1cc554fe6e7d,Dr.,Nat,Towne,"63/93 Runte Forges",mouth,Calbayog,Arkansas,"Heard Island and McDonald Islands",730-842-204,010-835-542,"Pollich, Kilback and Howe",nikolaus.com,"Receptionist and Information Clerk",black,2006-08-25,erika47@heathcote.com,f60/4=+w$ij*}+g;3
b7518754-ecb2-3b97-8349-c9a24f377674,Mr.,Darby,Hauck,"46A/66 Sporer Knoll Suite 281",haven,"San Pablo",Ohio,Kazakhstan,927-416-278,070-162-285,"Volkman Group",wolf.net,Clergy,olive,2016-08-20,emard.moriah@hotmail.com,m1}N4!ctNAD'Yh2i>-~
bca094e6-4f4e-3141-bc8c-906ec796c291,Miss,Garrett,Keebler,"35A/23 Carroll Route",burgh,"Puerto Princesa","New Jersey","Svalbard & Jan Mayen Islands",441-570-967,722-898-384,"Pfannerstill, D'Amore and Borer",bergnaum.com,"Nuclear Engineer",purple,2015-05-06,reva97@okeefe.com,",]@5#6%5YlClqHB!"
f250c9fd-8e8a-3e84-ae46-87bfa45956c0,Prof.,Reyna,Zboncak,"43A/03 Schmitt Stream Apt. 579",furt,Tandag,Wyoming,"French Polynesia",952-871-541,241-198-319,Parisian-Mante,sanford.com,"Artillery Crew Member",olive,2019-02-12,flebsack@blanda.com,"jt>rCH`~\Sq5"
579b5e60-a507-3b78-8ea7-d8ee1e72fb4a,Dr.,Elaina,Lockman,"81A Grady Plaza Suite 849",view,Navotas,Wisconsin,Chile,182-112-657,742-287-212,Monahan-Cummerata,emmerich.com,"Laundry OR Dry-Cleaning Worker",navy,2011-01-18,thalia.waters@braun.info,"6}pQQi1g,s"
5b7177e3-bb3a-32aa-a99a-6d78b85497ba,Dr.,Ruben,Kerluke,"87A Fahey Fort Apt. 601",shire,"San Jose","New Mexico","Cayman Islands",314-066-169,291-845-173,"Schimmel, Yundt and Ruecker",smitham.com,"Separating Machine Operators",gray,1972-04-03,king.mohammed@gmail.com,"rQB=@uwjbJ'\=:@#"
d3725c87-c606-3d7a-824b-396fdab199ee,Dr.,Joshua,Hackett,"76/41 Bruen Terrace Apt. 107",port,Dipolog,"South Carolina",Latvia,231-879-429,608-101-368,"Mertz Inc",mueller.net,"Board Of Directors",lime,1973-11-02,jermain88@hotmail.com,SmhLl)cZ^o35|?|
f4f2fc7c-5302-3113-bdee-4f0cce63c548,Mr.,Heidi,Ledner,"86/62 Sawayn Extensions",side,Roxas,Iowa,Slovenia,783-462-282,861-985-564,Hane-Grimes,weimann.com,"Pharmaceutical Sales Representative",aqua,1994-10-30,qbreitenberg@rodriguez.info,Xm`PH]]/[NWzJJa'A
4a822aa8-eab2-38fa-9483-8970e9e6d7d0,Dr.,Marilou,O'Reilly,"27 Feest Light Apt. 107",borough,Tacurong,Georgia,Bolivia,710-816-550,217-516-906,"Pfannerstill, Lang and Blanda",rau.org,Microbiologist,fuchsia,1987-02-21,rlang@bernhard.com,i83~Jq<KER
b4cbcc8a-df7e-3f0e-94ec-8320d288f1ec,Dr.,May,Dicki,"32/81 Lueilwitz Turnpike Apt. 967",mouth,Bacoor,Alaska,Madagascar,591-209-554,169-253-704,"Berge Ltd",schiller.com,"Business Manager",black,1993-01-21,batz.verdie@marquardt.com,BV/*K5Y*ad.P{|jN&4m
e43cedc1-ced5-38b5-bfb8-aee3bcff0234,Prof.,Novella,Lind,"87A/47 Ledner Motorway",bury,Manila,Minnesota,Yemen,847-269-213,330-705-370,Dickinson-Cruickshank,weissnat.com,Choreographer,white,2011-02-17,stamm.dion@hotmail.com,VBDl<FE^n!+u6AUuE3(r
6871c831-d7f4-39c5-a498-71affa625ab1,Ms.,Misael,Hyatt,"96/82 Rowe Square",furt,"Batangas City",Georgia,"Cocos (Keeling) Islands",168-540-135,479-281-167,"Spinka, Cummerata and Russel",hermiston.com,"Educational Psychologist",white,1980-05-21,bartoletti.braden@zemlak.com,8pdyUTbUx+x(DJhl5k39
abe227ba-f3b6-38cb-88f6-076c8e8866d3,Mrs.,Oswaldo,Quitzon,"77/25 Bogan Land",fort,Carcar,"New Mexico",Cuba,874-341-606,970-186-294,"Greenfelder Inc",lakin.com,"Range Manager",yellow,1980-11-01,becker.aida@yahoo.com,"_&#xHhfe)lt""a3N"
d539f900-fac6-3bb1-bedb-64a9bc9c932d,Miss,Carmelo,Langosh,"60/60 Fay Hollow Suite 580",port,Sipalay,"New Jersey",Burundi,231-766-050,727-245-106,Hill-D'Amore,altenwerth.com,"Compliance Officers",fuchsia,1990-06-13,zjohnston@schmidt.com,`qwdk@$prhN=DJT
725db849-7c06-34df-a2ff-ebb088101f60,Dr.,Georgiana,Schuster,"72 Rosenbaum Radial",mouth,Lapu-Lapu,Delaware,"United States Virgin Islands",175-664-617,154-153-173,Little-Bayer,harris.com,"Casting Machine Set-Up Operator",aqua,1993-03-12,kreiger.mya@yahoo.com,"7A;|d.E""|dVPtWe?"
a7e3b5c0-9beb-3874-82e8-b20e3641b858,Prof.,Alda,Schoen,"58/53 Schmitt Spurs",haven,Ozamiz,"North Carolina",Slovenia,948-572-453,107-852-400,Stracke-Terry,smith.com,Interviewer,maroon,2012-12-22,glenna50@kutch.com,[ng1CW
0d2900b0-2028-3c17-aba1-a2f0bf253c02,Dr.,Jessyca,Jacobi,"00A/25 Wintheiser Ranch Suite 044",land,Dumaguete,Wisconsin,Bahrain,404-173-898,788-767-578,"West Ltd",rau.com,"Database Manager",fuchsia,2013-07-26,jrunte@lueilwitz.info,sG/]0k0PJf:4
bbad9f23-91f0-3965-8341-06a5a6b8d19c,Prof.,Dax,Konopelski,"11A/75 Spencer Falls Suite 863",burgh,Victorias,Wyoming,"United Arab Emirates",299-080-369,546-762-167,"Connelly, Stroman and Eichmann",lindgren.com,"Precision Devices Inspector",blue,2009-02-04,dayna83@pacocha.com,"c[u(9r]on{64""9,"
bfe923ac-3ca8-39b7-979b-3c57ad6fdfc8,Ms.,Sid,Nitzsche,"56 Runolfsdottir Road Apt. 406",land,Naga,Mississippi,Egypt,212-052-696,059-810-567,Marvin-Ondricka,smitham.com,Architect,lime,1975-05-13,carmine.lind@zemlak.com,~W~U9$u
dd60f3f9-45af-37dc-aa11-9c98365334b4,Dr.,Ursula,Wuckert,"72A/43 Kub Ranch",port,Tagum,Colorado,Malawi,513-160-400,349-067-917,"Grady, Bruen and Fadel",greenfelder.com,Landscaping,purple,1987-08-08,dominique.macejkovic@hotmail.com,.=?vsP_
9294260f-4b21-3c13-adf1-775cd096ebc4,Ms.,Jay,Bernhard,"83 Rosenbaum Dam Apt. 661",ville,Biñan,"New York","Pitcairn Islands",771-906-256,310-926-277,"Cummings and Sons",pfeffer.net,"Textile Cutting Machine Operator",lime,1988-01-20,mohammed84@cummerata.com,=H$G~/iKNQ:n~
5862d296-7fb3-3a23-b886-b652649ad3d0,Prof.,Ali,Gleichner,"80/46 Pfeffer Fort",mouth,Urdaneta,Oklahoma,Panama,466-894-209,699-387-668,"O'Conner Group",hettinger.com,Dentist,olive,2003-02-14,ischamberger@yahoo.com,-fHMawR!?
4ef6d4a6-f1b7-3965-a8da-d4182fe24d72,Mr.,Skylar,Harvey,"80 D'Amore Creek",mouth,Lucena,California,"Palestinian Territories",815-149-865,837-630-073,"Reichert, Brekke and Auer",parker.org,"Purchasing Manager",silver,1991-09-11,crutherford@hotmail.com,&=}9v7iJZJ
2ac24d22-10cf-3383-b509-078271ae759c,Prof.,Jeramie,Reynolds,"95/82 Jacobson Pine Suite 103",town,Guihulngan,Minnesota,Philippines,700-133-427,324-999-208,Blick-Bahringer,armstrong.com,"Funeral Attendant",fuchsia,1986-08-06,sunny80@reichert.biz,k3rDf;Y(qDA
916dc75c-9d72-3b2a-ab6c-3bee1f765665,Prof.,Kavon,Hills,"65/51 Romaguera Trail Suite 354",burgh,Ligao,Michigan,Guadeloupe,317-221-085,826-231-480,"Gerhold Inc",emmerich.com,"Audio and Video Equipment Technician",green,2000-06-04,alisha95@yahoo.com,"{<1]WPBE"".""?*e"
2577490d-358a-3f58-b582-16c321f361b4,Miss,Beryl,Gutkowski,"93A/06 Price Light Apt. 168",haven,"Cotabato City","South Carolina","Turks and Caicos Islands",518-344-762,400-268-983,"Cole, Kihn and Rosenbaum",renner.org,"Postal Service Mail Carrier",gray,1981-04-26,rachel.schmeler@hotmail.com,dG7;0^?Y
610eaf41-4c63-3982-9711-daf7a239ff35,Mrs.,Efrain,Crona,"99/73 McLaughlin Port Apt. 104",burgh,Dapitan,Wyoming,Malta,757-452-102,746-585-001,"Schneider Group",lueilwitz.net,"School Bus Driver",yellow,2017-03-17,jaclyn68@kiehn.com,+SZD>CUojIj.e{
12df9d12-4916-332a-bb0a-43e097f9d84d,Mrs.,Mikel,Murazik,"95A Wisoky Bridge",ton,Urdaneta,"District of Columbia",Denmark,949-431-670,037-478-722,"Padberg Group",tremblay.com,Internist,silver,1974-11-29,lstoltenberg@hotmail.com,0?}.%J!rwnx
34682581-7ca1-3bb2-84c3-1079815819a5,Mrs.,Ambrose,Dickinson,"89 Hettinger Landing Apt. 112",haven,Biñan,Pennsylvania,"Kyrgyz Republic",339-975-185,579-217-001,"Murphy Inc",pagac.com,"Production Planner",blue,1979-09-15,gpfannerstill@schmeler.info,]r4${6On
9e628083-f75e-3caa-ae51-07ad46b3e2af,Miss,Thaddeus,Cartwright,"08A/64 Armstrong Landing Suite 843",port,"Tarlac City","West Virginia","Cocos (Keeling) Islands",234-739-541,544-138-035,"Dare, Feest and Carter",lebsack.biz,"Textile Cutting Machine Operator",silver,2004-12-31,rebecca11@yahoo.com,^j6*!}?!CIu%955^5
9a31c84c-2334-374f-9195-5437f8f1c0a4,Prof.,Rashad,Glover,"30/55 Kilback Radial Suite 235",borough,Valencia,"New Jersey",Cuba,194-369-215,862-904-754,"Johnson, Kovacek and Bayer",fahey.com,Assessor,aqua,2016-02-22,larissa.moen@okon.com,a^-2{{xKC!o#%yI
ac01413f-8bd7-3209-a209-759bfd88716d,Prof.,Fritz,Lesch,"62A/62 Dickens Freeway",town,Calamba,Kansas,Suriname,135-876-397,142-234-785,"Spencer, Wuckert and Collier",lueilwitz.com,"Sawing Machine Tool Setter",blue,2002-09-12,hansen.bo@yahoo.com,"GKM,6[\hg"
7a910f2f-4dc6-3ef2-bdaa-682ff05a921e,Prof.,Blanca,Hermann,"68A Wilkinson Ranch",fort,Valenzuela,Oklahoma,Guam,297-412-157,736-692-030,Steuber-Sauer,bartoletti.com,"Sawing Machine Setter",gray,2019-08-08,seamus89@yahoo.com,9g^k.2pc/=Y^Jg
26190219-5dbd-33c8-b736-fd68530bd2bb,Mr.,Willis,Jerde,"20 Ziemann Points Suite 577",fort,"San Pablo",Hawaii,India,343-158-770,790-359-856,"Dicki, Runolfsson and Rowe",lowe.com,"Mathematical Science Teacher",black,1990-06-26,alexandrea57@will.info,"ue*Vy.7Km*0""!ETuOh+J"
3a6e0cfd-53f2-31ee-a9de-98411f2a9b38,Prof.,Chester,Altenwerth,"97/36 Nikolaus Circle",stad,Naga,Louisiana,Malaysia,661-086-726,951-707-897,"Bauch, Shields and Hand",swift.com,"Fire Fighter",silver,2016-03-15,allen.kuhic@gmail.com,".+uW)9H'F|*c,B6"
611b4699-2ffc-3c8c-a308-503d0baa7776,Prof.,Jakob,Rolfson,"03A/06 Kihn Plaza",view,Himamaylan,Iowa,"Northern Mariana Islands",291-543-999,222-761-406,"McDermott and Sons",muller.info,"Production Control Manager",green,1995-09-13,oconnell.cassandra@reichel.org,"X]2\cCUqu;7<;1Qu"
d85fc9cd-da3e-333f-baf4-addcf12d493a,Prof.,Donny,Wehner,"71 Fay Manor",haven,Pasay,Texas,Tajikistan,172-624-015,269-870-423,Boyle-Bayer,sipes.com,"Visual Designer",olive,2012-05-16,vbeier@kuhlman.com,agaNs%yO
9182426e-ca70-3bc7-a5ee-4c01e98c14df,Prof.,Regan,Gutmann,"28/98 Lebsack Fort Suite 654",land,Bais,Hawaii,Spain,029-687-856,392-092-010,"Schumm, Williamson and Ankunding",jacobson.net,"Human Resources Manager",olive,2013-03-26,ngleichner@hotmail.com,"h_#`});8\$"
b943cbdd-e6c4-3f3a-acbd-2815400c5f6c,Dr.,Delaney,Connelly,"45 Kessler Park Apt. 446",ville,Escalante,Georgia,Guam,239-433-488,121-654-033,"Rippin Inc",hudson.com,Butcher,silver,1970-03-27,charley19@gleichner.com,"u<wiXXfyOc3B]T,@h:S%"
d803c746-7870-383d-9b4e-a3ae4773e499,Prof.,Eldon,Kunde,"30/50 Beier Walks Suite 324",ville,Bogo,Connecticut,"American Samoa",478-017-361,859-505-531,Johnson-Fisher,west.com,"Packaging Machine Operator",aqua,1996-11-17,hermann94@huel.biz,V[N]0rXOJ$LdT'
d5b29ccf-e1f4-3027-a30b-622a2a00a77a,Prof.,Abdul,Hegmann,"31/55 Cummings Parkway",land,Calbayog,Alabama,Angola,870-567-227,889-970-121,"Waters, Leuschke and Klein",littel.info,"Power Generating Plant Operator",yellow,2004-12-13,jed.reichel@waters.net,&u*RQ]m
a3e49439-a16d-39b1-9fd4-c81433717999,Dr.,Charlotte,Altenwerth,"11/75 Schaden Place",borough,Passi,Illinois,"Antarctica (the territory South of 60 deg S)",567-132-127,629-187-572,"Cremin, Krajcik and Lueilwitz",rodriguez.com,"Sports Book Writer",silver,1999-12-26,hudson25@yahoo.com,">1#Yhx=7K2""5"
3c896b5e-b8a2-38ee-bb23-e86e4985d0fa,Miss,Edgar,Keebler,"97 Adams Knoll",side,Tabaco,"West Virginia",Burundi,778-021-443,053-984-067,O'Reilly-Bayer,hyatt.net,"Glass Cutting Machine Operator",green,1999-02-08,cgoodwin@pfannerstill.net,"h""/0V0&'*"
fac52275-5d57-337f-8392-b24f98e72220,Mr.,Damaris,Zboncak,"36/87 Wiegand Parkways",town,Angeles,Massachusetts,"Holy See (Vatican City State)",713-437-301,077-195-900,Howell-Gorczany,witting.com,"Insurance Investigator",navy,1997-12-20,aschmidt@damore.net,@=Jbw8n'n
843dfbd4-7ade-3d3e-9b71-694207c0721a,Miss,Pearl,Emard,"81A/99 Hammes Dam Suite 177",borough,Dipolog,Wisconsin,"New Zealand",979-514-570,452-803-263,"Zemlak PLC",gislason.com,"Urban Planner",lime,1984-12-14,dthiel@hand.com,"R+mr9Ro5\p"
25cac20a-7efb-3231-affa-a92ebdcdcfee,Dr.,Matilda,Veum,"27A/85 Rowe Plain",borough,Iriga,Pennsylvania,Honduras,146-585-880,618-575-624,Miller-Glover,wilderman.org,"Textile Machine Operator",olive,1997-03-25,emely.quigley@emmerich.com,"tS*u>f5{|cFKr\|""bS"
f8c6d686-dc6a-3330-999c-629ce50cff1f,Prof.,Jade,Bergnaum,"48/76 Kertzmann Station Apt. 892",mouth,Roxas,Minnesota,Niue,721-507-141,730-116-811,"Predovic and Sons",satterfield.org,Postmasters,gray,2008-03-13,owatsica@mills.com,ItQ)W8gjQ=j
106b58e9-51c6-3015-9d0b-248c61914392,Dr.,Dolores,Stokes,"96/73 Heathcote Hollow",chester,Kabankalan,Florida,Senegal,412-551-497,849-275-838,"Osinski LLC",senger.com,"Kindergarten Teacher",navy,2009-05-02,edd.bailey@bins.net,;6Xe%/'j(3{Oq4pJ~
2838699b-2c35-3b00-b075-6db90953bdf2,Prof.,Lavada,Schamberger,"14/94 Cruickshank Meadows",side,Makati,Alabama,"Saint Kitts and Nevis",212-497-043,196-273-602,"Conn, Brekke and Legros",vonrueden.biz,"Optical Instrument Assembler",maroon,2024-06-09,femard@yahoo.com,~;|/>)r@pLdb|]-{B5m(
67cdb120-b188-3f94-b6c6-643c2f4a0ecd,Dr.,Jannie,Kutch,"69A Wiza Key Suite 806",stad,Catbalogan,Nebraska,Slovenia,306-080-188,708-424-190,Stark-Medhurst,lang.com,"Shipping and Receiving Clerk",gray,1971-09-21,hwilderman@yahoo.com,Z<_B@vr9`Gij>^hugg&K
c8193798-b2d3-3655-92a1-7be07631bc4e,Dr.,Astrid,Kassulke,"75 Upton Burgs Apt. 894",haven,Mati,Indiana,Slovenia,459-851-964,062-794-260,Spencer-Windler,johnson.com,"Electronic Equipment Assembler",white,1982-08-17,kiel85@west.com,"""]>mI,c_Q"
bbca41c5-871e-341b-b51b-b621d91db9e7,Prof.,Kendall,Botsford,"14/48 Ledner Hollow",mouth,Tuguegarao,Ohio,Uruguay,366-252-670,415-355-251,"Cummings, Waelchi and Schinner",prosacco.org,"Algorithm Developer",black,1991-01-09,olangworth@buckridge.biz,vv<FgiLD
c30b0746-cf0b-3ad3-9f50-bd8e7bc1b6e8,Dr.,Dana,Schamberger,"70A Green Land Apt. 323",shire,Ligao,Utah,Zimbabwe,950-590-276,372-308-330,"Waelchi and Sons",schroeder.com,"Loan Officer",blue,1978-03-21,dmarvin@abshire.com,1~(W!y>Nggv/l@5fu5OE
e34764b0-4bf4-3313-b401-35379e244e78,Miss,Salvador,Pfannerstill,"51 Pollich Cliff",shire,Tagum,Wisconsin,"Pitcairn Islands",830-597-653,615-729-442,"King Group",treutel.net,"Order Filler OR Stock Clerk",black,1989-02-18,nikko.prohaska@yahoo.com,"Tb9Q\~\?lwdu97J:-f70"
149438b6-a83d-3731-8598-096e8bdeda8e,Mr.,Jaclyn,Yundt,"91 Reinger Canyon",shire,Panabo,Wisconsin,"United Kingdom",144-677-264,948-850-884,"Kunde PLC",mckenzie.com,"Library Science Teacher",purple,1982-08-03,earlene.berge@hansen.com,"*!2-P]nilO6w""PA"
cee465c9-62fa-3806-bb56-91149aab7a1d,Prof.,Cloyd,Farrell,"22/39 Cummerata Corner Suite 446",ton,Mabalacat,Ohio,"French Southern Territories",703-728-657,514-884-029,"Oberbrunner LLC",corwin.info,"Home Health Aide",teal,2020-03-22,ebins@hotmail.com,"3ks-co5""q~(bfe$}1f}$"
22bb4eb4-443b-3849-852d-b63a6dbab4dc,Mrs.,Guy,Cole,"47A Torp Village",mouth,Candon,"West Virginia","Slovakia (Slovak Republic)",927-348-223,240-846-096,"Fahey Inc",ziemann.net,"Metal Pourer and Caster",silver,1972-02-01,cstroman@grant.com,"x',47MF?}Y"
3f2519e8-f7f2-3430-bdc8-f9cc59082c7e,Mr.,Isaac,Lindgren,"76/69 Auer Squares",fort,Valencia,Arizona,Bangladesh,384-001-257,159-308-000,Jacobson-Kling,ebert.com,Composer,maroon,2007-12-03,lavada.cassin@lueilwitz.com,G@=NUsLY;/@gSnYn;QeY
7b639b36-a481-35c1-88fb-56c7fcb24dee,Prof.,Allene,Raynor,"31 Nienow Expressway",view,Guihulngan,Oklahoma,Tunisia,450-834-131,610-678-755,"O'Reilly and Sons",reilly.org,"Human Resources Manager",silver,1993-10-22,kiarra74@quitzon.com,+lKfLq
a427e0a5-e933-300a-b9fe-ba4c786e62cf,Prof.,Roma,Kohler,"93A/10 Miller Drives",berg,"Las Piñas",Hawaii,Luxembourg,484-314-873,007-701-725,"Bins, Aufderhar and Gleichner",ernser.net,"Supervisor Fire Fighting Worker",purple,2000-01-19,oyundt@yahoo.com,"2,uIwcTs""K"
39dd2d50-8867-3b2d-900e-ac77ec5acfce,Dr.,Dillon,Wisoky,"06A/68 Jast Bridge Suite 013",shire,Muñoz,Wisconsin,Canada,706-230-320,750-650-646,"Renner LLC",harris.com,"Precious Stone Worker",olive,2015-10-08,mohr.rene@hotmail.com,Hc-Ke3
2277b525-5165-3873-82fc-27c2ff93d109,Prof.,Camren,Hamill,"64A Wyman Port Apt. 782",borough,"Tarlac City",Kansas,Montserrat,621-509-675,565-541-443,"Langworth Inc",stehr.org,"Statistical Assistant",blue,1992-10-13,shanny.streich@hotmail.com,"""|;EDQWPp;d-lKP%"
3f33d09a-7375-3eb1-b730-eb32bada7b12,Miss,Neoma,Stroman,"86 Marquardt Junction",land,"San Juan","New Mexico",Afghanistan,411-325-917,657-210-315,"Brown and Sons",luettgen.com,"Medical Assistant",yellow,1993-09-24,rowan.friesen@gmail.com,"^J$u!7L.y\7is"
091ee284-72c8-30ea-8f2c-8e94397b3961,Mr.,Lura,Konopelski,"88/87 Farrell Spring",town,Ligao,"New Hampshire",Malaysia,875-205-026,729-237-013,"Veum Inc",cummerata.com,"Medical Scientists",blue,2021-04-29,eldon05@moen.com,"9uWJ+<vI?~npv""%~B93"
751cbe17-b19f-37e3-b500-4f71f5e517f9,Prof.,Julianne,Effertz,"98A/84 Blick Turnpike Apt. 014",shire,"General Santos",Nebraska,Norway,681-596-311,847-399-824,"Spinka, Schowalter and Goldner",osinski.org,"Management Analyst",blue,2009-12-02,dickens.gia@wilkinson.info,8s'O.G|+oF+%`N
b7063650-fbea-340d-b4a0-cd685ec457d5,Mrs.,Tobin,O'Kon,"86A Gaylord Harbor Apt. 010",burgh,Navotas,"New York","Saint Pierre and Miquelon",861-974-679,376-557-047,Funk-Hermann,nader.com,"Court Clerk",white,2016-09-16,rolfson.cassandre@robel.com,+_`o!C`-e3t
5da888c1-5bb6-3ec6-94d2-083cf2d2ab2a,Mrs.,Guiseppe,Gleason,"60A/13 Littel Meadows",berg,Tagaytay,Nevada,Australia,155-248-871,325-062-678,"Greenholt LLC",okon.net,"Railroad Yard Worker",teal,1978-04-10,kaya91@gmail.com,]%%Egv64b%mDPS#H#
33bcd1e9-8ad6-3616-aaa8-d1573f1185f2,Dr.,Noemie,Gibson,"84 Rohan Dale Suite 791",fort,Santiago,Kansas,Macao,864-444-423,952-264-055,"Orn, Cartwright and Russel",gerhold.com,Actuary,silver,2019-09-05,fprice@ferry.com,C/D^U~]65*a;F
d205f096-10f5-3d91-b6c9-0f7561ecc571,Ms.,Hyman,Quigley,"14A Pfannerstill Isle Apt. 058",view,Angeles,Hawaii,Palau,246-503-549,437-107-276,"Huel Inc",considine.com,"Mechanical Inspector",fuchsia,1971-06-13,barrows.efrain@hotmail.com,iBTpT!::$c?.<
a05d3135-6343-384e-8561-bf4eb69f2dd7,Prof.,Jaunita,Kovacek,"72A Heidenreich Creek Apt. 779",haven,Naga,Nevada,"Falkland Islands (Malvinas)",731-484-405,730-431-864,D'Amore-Jast,schneider.com,"Woodworking Machine Setter",fuchsia,1976-08-23,carlee.mann@ratke.biz,K%-hXgM
9a2b72b9-8528-3707-8cad-dbf5ee61983b,Prof.,Elwin,Simonis,"46 Williamson Crossing Suite 422",fort,Victorias,"New Hampshire",Liechtenstein,006-311-038,998-233-178,Reilly-Funk,lehner.com,"Farm Labor Contractor",fuchsia,1970-09-09,everett34@okon.com,"a[RvE]|`|>ZW]DX\+j_3"
b1721d3d-d941-3f12-bd9d-108e7dfb630d,Mrs.,Shawna,Ferry,"31/22 Bogan Street",mouth,Isabela,Indiana,"Netherlands Antilles",815-615-844,648-952-175,"Heller PLC",hodkiewicz.info,"Floor Layer",maroon,2017-04-22,hwisoky@gmail.com,KRAgR^5{5S4gV4*09)
ce675e1f-5c96-3bc0-8bac-844623e8535f,Dr.,Akeem,Flatley,"85 Harber Throughway Apt. 419",mouth,Legazpi,"West Virginia","Saint Martin",277-243-184,209-217-890,"Kilback, Luettgen and Wuckert",schamberger.com,Actor,silver,2022-08-07,otho.roob@jenkins.net,p/3`>}/H
681a4d95-edb8-3d0e-9696-bbd67c381e8b,Dr.,Orville,Ward,"33 Beahan Radial Suite 785",stad,Bacoor,Alabama,Algeria,695-382-265,968-932-913,Satterfield-Shanahan,dibbert.biz,Brickmason,navy,2006-05-07,alysson.huel@hotmail.com,A;RvJ%#e-yH
4626330f-de49-3d39-abd6-47289deac73a,Mr.,Demetrius,DuBuque,"71/34 Bins Mission",view,Dumaguete,Connecticut,Uganda,579-554-676,237-542-637,Hackett-Pfeffer,koch.com,"Financial Specialist",navy,1979-11-23,gino.damore@haag.info,8Ch8R.Gd%Zx/6
933db1dd-9d69-3a52-863c-25a8dd5e9890,Miss,Jorge,Crona,"77 Tremblay Loop Apt. 889",stad,"Davao City","District of Columbia",Estonia,721-795-036,887-256-242,"Jacobs, Howe and O'Keefe",metz.biz,"Molding and Casting Worker",aqua,2014-08-25,cdickinson@gmail.com,=IF^Jw]|
0c8f49c4-bf56-3044-b319-f69555f4a2af,Mr.,Eveline,Hammes,"87/94 Marvin Fork",burgh,"San Pablo",Maryland,Gambia,945-272-395,023-406-581,"Ledner, Stamm and Kuvalis",damore.org,"Postal Service Clerk",yellow,2015-01-03,fidel.braun@altenwerth.com,Z2AK9+t:e_Y|]!pBO
4509fe0c-380d-3243-b1af-b7f7e7cffad6,Prof.,Rahul,Rempel,"48A Schimmel Gateway Suite 062",town,Tagbilaran,Pennsylvania,Israel,660-581-568,382-499-171,"Luettgen, Moore and Robel",bruen.biz,Inspector,green,2022-11-04,naomi.windler@yahoo.com,SiR;?nM&`+6lk'N4qo
97f3b930-e245-30e6-b749-6ccbe6f63135,Prof.,Marquise,Veum,"71/47 McLaughlin Branch Suite 869",mouth,Mabalacat,Delaware,"San Marino",772-575-701,961-966-252,"Legros LLC",fritsch.biz,"Forest Fire Fighter",white,1987-02-04,qprosacco@howell.net,">faP[Ka""}"
